groupsCovered,groupsCoveredWithoutDefaultBitmap,groupSizeDist,placementDist,placementNumHostsPerLeaf,seed,podsAlgorithm,podsNumBitmaps,podsNumNodesPerBitmap,podsRedundancyPerBitmap,podsNumRules,leafsAlgorithm,leafsNumBitmaps,leafsNumNodesPerBitmap,leafsRedundancyPerBitmap,leafsNumRules
677599,655788,uniform,colocate-colocate-uniform,12,0,random-fuzzy-match,2,3,6,64000,exact-match,10,3,0,10000
655788,655788,uniform,colocate-colocate-uniform,12,0,random-fuzzy-match,2,3,6,64000,exact-match,10,3,0,64000
748755,748056,uniform,colocate-colocate-uniform,12,0,random-fuzzy-match,2,3,6,64000,exact-match,20,3,0,10000
748056,748056,uniform,colocate-colocate-uniform,12,0,random-fuzzy-match,2,3,6,64000,exact-match,20,3,0,64000
812816,812801,uniform,colocate-colocate-uniform,12,0,random-fuzzy-match,2,3,6,64000,exact-match,30,3,0,10000
731245,730692,uniform,colocate-colocate-uniform,12,0,random-fuzzy-match,2,3,6,64000,random-fuzzy-match,10,3,24,10000
963908,963908,uniform,colocate-colocate-uniform,12,0,random-fuzzy-match,2,3,6,64000,random-fuzzy-match,20,3,24,10000
794640,794584,uniform,colocate-colocate-uniform,12,0,random-fuzzy-match,2,3,6,64000,random-fuzzy-match,30,3,0,10000
715806,702532,uniform,colocate-colocate-uniform,12,1,random-fuzzy-match,2,3,6,64000,exact-match,10,3,0,10000
702532,702532,uniform,colocate-colocate-uniform,12,1,random-fuzzy-match,2,3,6,64000,exact-match,10,3,0,64000
778911,778423,uniform,colocate-colocate-uniform,12,1,random-fuzzy-match,2,3,6,64000,exact-match,20,3,0,10000
778423,778423,uniform,colocate-colocate-uniform,12,1,random-fuzzy-match,2,3,6,64000,exact-match,20,3,0,64000
663128,645162,uniform,colocate-colocate-uniform,12,2,random-fuzzy-match,2,3,6,64000,exact-match,10,3,0,10000
645162,645162,uniform,colocate-colocate-uniform,12,2,random-fuzzy-match,2,3,6,64000,exact-match,10,3,0,64000
746545,745864,uniform,colocate-colocate-uniform,12,2,random-fuzzy-match,2,3,6,64000,exact-match,20,3,0,10000
745864,745864,uniform,colocate-colocate-uniform,12,2,random-fuzzy-match,2,3,6,64000,exact-match,20,3,0,64000
857366,857366,uniform,colocate-colocate-uniform,12,1,random-fuzzy-match,2,3,6,64000,exact-match,30,3,0,10000
773312,772877,uniform,colocate-colocate-uniform,12,1,random-fuzzy-match,2,3,6,64000,random-fuzzy-match,10,3,24,10000
986114,986114,uniform,colocate-colocate-uniform,12,1,random-fuzzy-match,2,3,6,64000,random-fuzzy-match,20,3,24,10000
844363,844360,uniform,colocate-colocate-uniform,12,1,random-fuzzy-match,2,3,6,64000,random-fuzzy-match,30,3,0,10000
679592,664144,uniform,colocate-colocate-uniform,24,0,random-fuzzy-match,2,3,6,64000,exact-match,10,3,0,10000
664144,664144,uniform,colocate-colocate-uniform,24,0,random-fuzzy-match,2,3,6,64000,exact-match,10,3,0,64000
748396,747776,uniform,colocate-colocate-uniform,24,0,random-fuzzy-match,2,3,6,64000,exact-match,20,3,0,10000
747776,747776,uniform,colocate-colocate-uniform,24,0,random-fuzzy-match,2,3,6,64000,exact-match,20,3,0,64000
813485,813485,uniform,colocate-colocate-uniform,24,0,random-fuzzy-match,2,3,6,64000,exact-match,30,3,0,10000
727142,726805,uniform,colocate-colocate-uniform,24,0,random-fuzzy-match,2,3,6,64000,random-fuzzy-match,10,3,24,10000
966943,966943,uniform,colocate-colocate-uniform,24,0,random-fuzzy-match,2,3,6,64000,random-fuzzy-match,20,3,24,10000
797434,797409,uniform,colocate-colocate-uniform,24,0,random-fuzzy-match,2,3,6,64000,random-fuzzy-match,30,3,0,10000
708491,704759,uniform,colocate-colocate-uniform,24,1,random-fuzzy-match,2,3,6,64000,exact-match,10,3,0,10000
704759,704759,uniform,colocate-colocate-uniform,24,1,random-fuzzy-match,2,3,6,64000,exact-match,10,3,0,64000
779275,779055,uniform,colocate-colocate-uniform,24,1,random-fuzzy-match,2,3,6,64000,exact-match,20,3,0,10000
779055,779055,uniform,colocate-colocate-uniform,24,1,random-fuzzy-match,2,3,6,64000,exact-match,20,3,0,64000
668046,652125,uniform,colocate-colocate-uniform,24,2,random-fuzzy-match,2,3,6,64000,exact-match,10,3,0,10000
652125,652125,uniform,colocate-colocate-uniform,24,2,random-fuzzy-match,2,3,6,64000,exact-match,10,3,0,64000
749757,749351,uniform,colocate-colocate-uniform,24,2,random-fuzzy-match,2,3,6,64000,exact-match,20,3,0,10000
749351,749351,uniform,colocate-colocate-uniform,24,2,random-fuzzy-match,2,3,6,64000,exact-match,20,3,0,64000
861898,861898,uniform,colocate-colocate-uniform,24,1,random-fuzzy-match,2,3,6,64000,exact-match,30,3,0,10000
771491,770943,uniform,colocate-colocate-uniform,24,1,random-fuzzy-match,2,3,6,64000,random-fuzzy-match,10,3,24,10000
984719,984719,uniform,colocate-colocate-uniform,24,1,random-fuzzy-match,2,3,6,64000,random-fuzzy-match,20,3,24,10000
850058,850058,uniform,colocate-colocate-uniform,24,1,random-fuzzy-match,2,3,6,64000,random-fuzzy-match,30,3,0,10000
680198,662612,uniform,colocate-colocate-uniform,48,0,random-fuzzy-match,2,3,6,64000,exact-match,10,3,0,10000
662612,662612,uniform,colocate-colocate-uniform,48,0,random-fuzzy-match,2,3,6,64000,exact-match,10,3,0,64000
757256,756879,uniform,colocate-colocate-uniform,48,0,random-fuzzy-match,2,3,6,64000,exact-match,20,3,0,10000
756879,756879,uniform,colocate-colocate-uniform,48,0,random-fuzzy-match,2,3,6,64000,exact-match,20,3,0,64000
824647,824647,uniform,colocate-colocate-uniform,48,0,random-fuzzy-match,2,3,6,64000,exact-match,30,3,0,10000
736328,735936,uniform,colocate-colocate-uniform,48,0,random-fuzzy-match,2,3,6,64000,random-fuzzy-match,10,3,24,10000
969036,969036,uniform,colocate-colocate-uniform,48,0,random-fuzzy-match,2,3,6,64000,random-fuzzy-match,20,3,24,10000
807914,807894,uniform,colocate-colocate-uniform,48,0,random-fuzzy-match,2,3,6,64000,random-fuzzy-match,30,3,0,10000
715869,702475,uniform,colocate-colocate-uniform,48,1,random-fuzzy-match,2,3,6,64000,exact-match,10,3,0,10000
702475,702475,uniform,colocate-colocate-uniform,48,1,random-fuzzy-match,2,3,6,64000,exact-match,10,3,0,64000
778891,778391,uniform,colocate-colocate-uniform,48,1,random-fuzzy-match,2,3,6,64000,exact-match,20,3,0,10000
778391,778391,uniform,colocate-colocate-uniform,48,1,random-fuzzy-match,2,3,6,64000,exact-match,20,3,0,64000
671147,649207,uniform,colocate-colocate-uniform,48,2,random-fuzzy-match,2,3,6,64000,exact-match,10,3,0,10000
649207,649207,uniform,colocate-colocate-uniform,48,2,random-fuzzy-match,2,3,6,64000,exact-match,10,3,0,64000
759260,754802,uniform,colocate-colocate-uniform,48,2,random-fuzzy-match,2,3,6,64000,exact-match,20,3,0,10000
754802,754802,uniform,colocate-colocate-uniform,48,2,random-fuzzy-match,2,3,6,64000,exact-match,20,3,0,64000
857320,857320,uniform,colocate-colocate-uniform,48,1,random-fuzzy-match,2,3,6,64000,exact-match,30,3,0,10000
773272,772835,uniform,colocate-colocate-uniform,48,1,random-fuzzy-match,2,3,6,64000,random-fuzzy-match,10,3,24,10000
986015,986015,uniform,colocate-colocate-uniform,48,1,random-fuzzy-match,2,3,6,64000,random-fuzzy-match,20,3,24,10000
844436,844427,uniform,colocate-colocate-uniform,48,1,random-fuzzy-match,2,3,6,64000,random-fuzzy-match,30,3,0,10000
836626,50932,uniform,colocate-uniform,uniform,0,random-fuzzy-match,2,3,6,64000,exact-match,10,3,0,10000
129069,50932,uniform,colocate-uniform,uniform,0,random-fuzzy-match,2,3,6,64000,exact-match,10,3,0,64000
812625,146800,uniform,colocate-uniform,uniform,0,random-fuzzy-match,2,3,6,64000,exact-match,20,3,0,10000
761918,204896,uniform,colocate-uniform,uniform,0,random-fuzzy-match,2,3,6,64000,random-fuzzy-match,10,3,12,10000
221065,221058,uniform,colocate-uniform,uniform,0,random-fuzzy-match,2,3,6,64000,random-fuzzy-match,10,3,48,64000
771656,686383,uniform,colocate-uniform,uniform,0,random-fuzzy-match,2,3,6,64000,random-fuzzy-match,20,3,24,10000
331427,331427,uniform,colocate-uniform,uniform,0,random-fuzzy-match,2,3,6,64000,random-fuzzy-match,20,3,6,64000
823749,49727,uniform,colocate-uniform,uniform,2,random-fuzzy-match,2,3,6,64000,exact-match,10,3,0,10000
121704,49727,uniform,colocate-uniform,uniform,2,random-fuzzy-match,2,3,6,64000,exact-match,10,3,0,64000
785736,142332,uniform,colocate-uniform,uniform,2,random-fuzzy-match,2,3,6,64000,exact-match,20,3,0,10000
144886,142332,uniform,colocate-uniform,uniform,2,random-fuzzy-match,2,3,6,64000,exact-match,20,3,0,64000
745164,249704,uniform,colocate-uniform,uniform,2,random-fuzzy-match,2,3,6,64000,exact-match,30,3,0,10000
249704,249704,uniform,colocate-uniform,uniform,2,random-fuzzy-match,2,3,6,64000,exact-match,30,3,0,64000
711114,703389,wve,colocate-colocate-uniform,12,0,random-fuzzy-match,2,3,6,64000,exact-match,10,3,0,10000
703389,703389,wve,colocate-colocate-uniform,12,0,random-fuzzy-match,2,3,6,64000,exact-match,10,3,0,64000
779576,779511,wve,colocate-colocate-uniform,12,0,random-fuzzy-match,2,3,6,64000,exact-match,20,3,0,10000
779511,779511,wve,colocate-colocate-uniform,12,0,random-fuzzy-match,2,3,6,64000,exact-match,20,3,0,64000
799847,45563,uniform,colocate-uniform,uniform,2,random-fuzzy-match,2,3,6,64000,random-fuzzy-match,10,3,0,10000
754817,168937,uniform,colocate-uniform,uniform,2,random-fuzzy-match,2,3,6,64000,random-fuzzy-match,10,3,6,10000
506909,506909,uniform,colocate-uniform,uniform,2,random-fuzzy-match,2,3,6,64000,random-fuzzy-match,20,3,12,64000
697667,230483,uniform,colocate-uniform,uniform,2,random-fuzzy-match,2,3,6,64000,random-fuzzy-match,30,3,0,10000
543309,543309,uniform,colocate-uniform,uniform,2,random-fuzzy-match,2,3,6,64000,random-fuzzy-match,30,3,6,64000
743490,743128,wve,colocate-colocate-uniform,12,1,random-fuzzy-match,2,3,6,64000,exact-match,10,3,0,10000
743128,743128,wve,colocate-colocate-uniform,12,1,random-fuzzy-match,2,3,6,64000,exact-match,10,3,0,64000
829732,829732,wve,colocate-colocate-uniform,12,1,random-fuzzy-match,2,3,6,64000,exact-match,20,3,0,10000
829732,829732,wve,colocate-colocate-uniform,12,1,random-fuzzy-match,2,3,6,64000,exact-match,20,3,0,64000
927816,927816,wve,colocate-colocate-uniform,12,1,random-fuzzy-match,2,3,6,64000,exact-match,30,3,0,10000
927816,927816,wve,colocate-colocate-uniform,12,1,random-fuzzy-match,2,3,6,64000,exact-match,30,3,0,64000
875126,875126,wve,colocate-colocate-uniform,12,0,random-fuzzy-match,2,3,6,64000,exact-match,30,3,0,10000
843897,843897,wve,colocate-colocate-uniform,12,0,random-fuzzy-match,2,3,6,64000,random-fuzzy-match,10,3,24,10000
995926,995926,wve,colocate-colocate-uniform,12,0,random-fuzzy-match,2,3,6,64000,random-fuzzy-match,20,3,24,10000
997491,997491,wve,colocate-colocate-uniform,12,0,random-fuzzy-match,2,3,6,64000,random-fuzzy-match,30,3,12,10000
705746,699360,wve,colocate-colocate-uniform,12,2,random-fuzzy-match,2,3,6,64000,exact-match,10,3,0,10000
699360,699360,wve,colocate-colocate-uniform,12,2,random-fuzzy-match,2,3,6,64000,exact-match,10,3,0,64000
710678,701821,wve,colocate-colocate-uniform,24,0,random-fuzzy-match,2,3,6,64000,exact-match,10,3,0,10000
701821,701821,wve,colocate-colocate-uniform,24,0,random-fuzzy-match,2,3,6,64000,exact-match,10,3,0,64000
779426,779267,wve,colocate-colocate-uniform,24,0,random-fuzzy-match,2,3,6,64000,exact-match,20,3,0,10000
779267,779267,wve,colocate-colocate-uniform,24,0,random-fuzzy-match,2,3,6,64000,exact-match,20,3,0,64000
786633,786463,wve,colocate-colocate-uniform,12,2,random-fuzzy-match,2,3,6,64000,exact-match,20,3,0,10000
818045,818044,wve,colocate-colocate-uniform,12,2,random-fuzzy-match,2,3,6,64000,random-fuzzy-match,10,3,12,10000
955615,955615,wve,colocate-colocate-uniform,12,2,random-fuzzy-match,2,3,6,64000,random-fuzzy-match,20,3,12,10000
997663,997663,wve,colocate-colocate-uniform,12,2,random-fuzzy-match,2,3,6,64000,random-fuzzy-match,30,3,12,10000
742490,741843,wve,colocate-colocate-uniform,24,1,random-fuzzy-match,2,3,6,64000,exact-match,10,3,0,10000
741843,741843,wve,colocate-colocate-uniform,24,1,random-fuzzy-match,2,3,6,64000,exact-match,10,3,0,64000
826772,826772,wve,colocate-colocate-uniform,24,1,random-fuzzy-match,2,3,6,64000,exact-match,20,3,0,10000
826772,826772,wve,colocate-colocate-uniform,24,1,random-fuzzy-match,2,3,6,64000,exact-match,20,3,0,64000
703517,699213,wve,colocate-colocate-uniform,24,2,random-fuzzy-match,2,3,6,64000,exact-match,10,3,0,10000
699213,699213,wve,colocate-colocate-uniform,24,2,random-fuzzy-match,2,3,6,64000,exact-match,10,3,0,64000
793883,793811,wve,colocate-colocate-uniform,24,2,random-fuzzy-match,2,3,6,64000,exact-match,20,3,0,10000
793811,793811,wve,colocate-colocate-uniform,24,2,random-fuzzy-match,2,3,6,64000,exact-match,20,3,0,64000
892521,892521,wve,colocate-colocate-uniform,24,2,random-fuzzy-match,2,3,6,64000,exact-match,30,3,0,10000
892521,892521,wve,colocate-colocate-uniform,24,2,random-fuzzy-match,2,3,6,64000,exact-match,30,3,0,64000
924572,924572,wve,colocate-colocate-uniform,24,1,random-fuzzy-match,2,3,6,64000,exact-match,30,3,0,10000
894852,894852,wve,colocate-colocate-uniform,24,1,random-fuzzy-match,2,3,6,64000,random-fuzzy-match,10,3,24,10000
997945,997945,wve,colocate-colocate-uniform,24,1,random-fuzzy-match,2,3,6,64000,random-fuzzy-match,20,3,24,10000
998261,998261,wve,colocate-colocate-uniform,24,1,random-fuzzy-match,2,3,6,64000,random-fuzzy-match,30,3,12,10000
716138,702901,wve,colocate-colocate-uniform,48,0,random-fuzzy-match,2,3,6,64000,exact-match,10,3,0,10000
702901,702901,wve,colocate-colocate-uniform,48,0,random-fuzzy-match,2,3,6,64000,exact-match,10,3,0,64000
701190,697086,wve,colocate-colocate-uniform,24,2,random-fuzzy-match,2,3,6,64000,random-fuzzy-match,10,3,0,10000
788197,788011,wve,colocate-colocate-uniform,24,2,random-fuzzy-match,2,3,6,64000,random-fuzzy-match,20,3,0,10000
887729,887729,wve,colocate-colocate-uniform,24,2,random-fuzzy-match,2,3,6,64000,random-fuzzy-match,30,3,0,10000
998466,998466,wve,colocate-colocate-uniform,24,2,random-fuzzy-match,2,3,6,64000,random-fuzzy-match,30,3,24,64000
748924,743725,wve,colocate-colocate-uniform,48,1,random-fuzzy-match,2,3,6,64000,exact-match,10,3,0,10000
743725,743725,wve,colocate-colocate-uniform,48,1,random-fuzzy-match,2,3,6,64000,exact-match,10,3,0,64000
828678,828678,wve,colocate-colocate-uniform,48,1,random-fuzzy-match,2,3,6,64000,exact-match,20,3,0,10000
828678,828678,wve,colocate-colocate-uniform,48,1,random-fuzzy-match,2,3,6,64000,exact-match,20,3,0,64000
706058,700113,wve,colocate-colocate-uniform,48,2,random-fuzzy-match,2,3,6,64000,exact-match,10,3,0,10000
700113,700113,wve,colocate-colocate-uniform,48,2,random-fuzzy-match,2,3,6,64000,exact-match,10,3,0,64000
788224,788222,wve,colocate-colocate-uniform,48,2,random-fuzzy-match,2,3,6,64000,exact-match,20,3,0,10000
788222,788222,wve,colocate-colocate-uniform,48,2,random-fuzzy-match,2,3,6,64000,exact-match,20,3,0,64000
923518,923518,wve,colocate-colocate-uniform,48,1,random-fuzzy-match,2,3,6,64000,exact-match,30,3,0,10000
809533,809506,wve,colocate-colocate-uniform,48,1,random-fuzzy-match,2,3,6,64000,random-fuzzy-match,10,3,6,10000
977194,977194,wve,colocate-colocate-uniform,48,1,random-fuzzy-match,2,3,6,64000,random-fuzzy-match,20,3,12,64000
792114,787017,uniform,colocate-uniform,uniform,0,random-fuzzy-match,2,3,6,64000,random-fuzzy-match,30,3,48,10000
708986,527481,wve,colocate-uniform,uniform,0,random-fuzzy-match,2,3,6,64000,exact-match,10,3,0,10000
527481,527481,wve,colocate-uniform,uniform,0,random-fuzzy-match,2,3,6,64000,exact-match,10,3,0,64000
757980,712520,wve,colocate-uniform,uniform,0,random-fuzzy-match,2,3,6,64000,exact-match,20,3,0,10000
775989,745482,wve,colocate-uniform,uniform,0,random-fuzzy-match,2,3,6,64000,random-fuzzy-match,10,3,12,10000
769421,732173,wve,colocate-uniform,uniform,0,random-fuzzy-match,2,3,6,64000,random-fuzzy-match,10,3,6,10000
885470,885470,wve,colocate-uniform,uniform,0,random-fuzzy-match,2,3,6,64000,random-fuzzy-match,20,3,48,10000
969154,969154,wve,colocate-uniform,uniform,0,random-fuzzy-match,2,3,6,64000,random-fuzzy-match,30,3,48,10000
702692,519446,wve,colocate-uniform,uniform,2,random-fuzzy-match,2,3,6,64000,exact-match,10,3,0,10000
519446,519446,wve,colocate-uniform,uniform,2,random-fuzzy-match,2,3,6,64000,exact-match,10,3,0,64000
739722,714059,wve,colocate-uniform,uniform,2,random-fuzzy-match,2,3,6,64000,exact-match,20,3,0,10000
714059,714059,wve,colocate-uniform,uniform,2,random-fuzzy-match,2,3,6,64000,exact-match,20,3,0,64000
784750,783335,wve,colocate-uniform,uniform,2,random-fuzzy-match,2,3,6,64000,exact-match,30,3,0,10000
783335,783335,wve,colocate-uniform,uniform,2,random-fuzzy-match,2,3,6,64000,exact-match,30,3,0,64000
718451,498861,wve,colocate-uniform,uniform,2,random-fuzzy-match,2,3,6,64000,random-fuzzy-match,10,3,0,10000
498861,498861,wve,colocate-uniform,uniform,2,random-fuzzy-match,2,3,6,64000,random-fuzzy-match,10,3,0,64000
730692,730692,uniform,colocate-colocate-uniform,12,0,random-fuzzy-match,2,3,6,64000,random-fuzzy-match,10,3,24,64000
750683,750460,uniform,colocate-colocate-uniform,12,0,random-fuzzy-match,2,3,6,64000,random-fuzzy-match,10,3,48,10000
750460,750460,uniform,colocate-colocate-uniform,12,0,random-fuzzy-match,2,3,6,64000,random-fuzzy-match,10,3,48,64000
689547,670915,uniform,colocate-colocate-uniform,12,0,random-fuzzy-match,2,3,6,64000,random-fuzzy-match,10,3,6,10000
670915,670915,uniform,colocate-colocate-uniform,12,0,random-fuzzy-match,2,3,6,64000,random-fuzzy-match,10,3,6,64000
730257,729860,uniform,colocate-colocate-uniform,12,0,random-fuzzy-match,2,3,6,64000,random-fuzzy-match,20,3,0,10000
729860,729860,uniform,colocate-colocate-uniform,12,0,random-fuzzy-match,2,3,6,64000,random-fuzzy-match,20,3,0,64000
805492,805220,uniform,colocate-colocate-uniform,12,0,random-fuzzy-match,2,3,6,64000,random-fuzzy-match,20,3,12,10000
805220,805220,uniform,colocate-colocate-uniform,12,0,random-fuzzy-match,2,3,6,64000,random-fuzzy-match,20,3,12,64000
963908,963908,uniform,colocate-colocate-uniform,12,0,random-fuzzy-match,2,3,6,64000,random-fuzzy-match,20,3,24,64000
998500,998500,uniform,colocate-colocate-uniform,12,0,random-fuzzy-match,2,3,6,64000,random-fuzzy-match,20,3,48,10000
998500,998500,uniform,colocate-colocate-uniform,12,0,random-fuzzy-match,2,3,6,64000,random-fuzzy-match,20,3,48,64000
767910,767240,uniform,colocate-colocate-uniform,12,0,random-fuzzy-match,2,3,6,64000,random-fuzzy-match,20,3,6,10000
767240,767240,uniform,colocate-colocate-uniform,12,0,random-fuzzy-match,2,3,6,64000,random-fuzzy-match,20,3,6,64000
794584,794584,uniform,colocate-colocate-uniform,12,0,random-fuzzy-match,2,3,6,64000,random-fuzzy-match,30,3,0,64000
911404,911404,uniform,colocate-colocate-uniform,12,0,random-fuzzy-match,2,3,6,64000,random-fuzzy-match,30,3,12,10000
911404,911404,uniform,colocate-colocate-uniform,12,0,random-fuzzy-match,2,3,6,64000,random-fuzzy-match,30,3,12,64000
998500,998500,uniform,colocate-colocate-uniform,12,0,random-fuzzy-match,2,3,6,64000,random-fuzzy-match,30,3,24,10000
998500,998500,uniform,colocate-colocate-uniform,12,0,random-fuzzy-match,2,3,6,64000,random-fuzzy-match,30,3,24,64000
998500,998500,uniform,colocate-colocate-uniform,12,0,random-fuzzy-match,2,3,6,64000,random-fuzzy-match,30,3,48,10000
998500,998500,uniform,colocate-colocate-uniform,12,0,random-fuzzy-match,2,3,6,64000,random-fuzzy-match,30,3,48,64000
861450,861448,uniform,colocate-colocate-uniform,12,0,random-fuzzy-match,2,3,6,64000,random-fuzzy-match,30,3,6,10000
861448,861448,uniform,colocate-colocate-uniform,12,0,random-fuzzy-match,2,3,6,64000,random-fuzzy-match,30,3,6,64000
812801,812801,uniform,colocate-colocate-uniform,12,0,random-fuzzy-match,2,3,6,64000,exact-match,30,3,0,64000
681375,654374,uniform,colocate-colocate-uniform,12,0,random-fuzzy-match,2,3,6,64000,random-fuzzy-match,10,3,0,10000
654374,654374,uniform,colocate-colocate-uniform,12,0,random-fuzzy-match,2,3,6,64000,random-fuzzy-match,10,3,0,64000
697624,688949,uniform,colocate-colocate-uniform,12,0,random-fuzzy-match,2,3,6,64000,random-fuzzy-match,10,3,12,10000
688949,688949,uniform,colocate-colocate-uniform,12,0,random-fuzzy-match,2,3,6,64000,random-fuzzy-match,10,3,12,64000
772877,772877,uniform,colocate-colocate-uniform,12,1,random-fuzzy-match,2,3,6,64000,random-fuzzy-match,10,3,24,64000
805496,805455,uniform,colocate-colocate-uniform,12,1,random-fuzzy-match,2,3,6,64000,random-fuzzy-match,10,3,48,10000
805455,805455,uniform,colocate-colocate-uniform,12,1,random-fuzzy-match,2,3,6,64000,random-fuzzy-match,10,3,48,64000
726898,716672,uniform,colocate-colocate-uniform,12,1,random-fuzzy-match,2,3,6,64000,random-fuzzy-match,10,3,6,10000
716672,716672,uniform,colocate-colocate-uniform,12,1,random-fuzzy-match,2,3,6,64000,random-fuzzy-match,10,3,6,64000
764794,764076,uniform,colocate-colocate-uniform,12,1,random-fuzzy-match,2,3,6,64000,random-fuzzy-match,20,3,0,10000
764076,764076,uniform,colocate-colocate-uniform,12,1,random-fuzzy-match,2,3,6,64000,random-fuzzy-match,20,3,0,64000
841654,841547,uniform,colocate-colocate-uniform,12,1,random-fuzzy-match,2,3,6,64000,random-fuzzy-match,20,3,12,10000
841547,841547,uniform,colocate-colocate-uniform,12,1,random-fuzzy-match,2,3,6,64000,random-fuzzy-match,20,3,12,64000
986114,986114,uniform,colocate-colocate-uniform,12,1,random-fuzzy-match,2,3,6,64000,random-fuzzy-match,20,3,24,64000
998550,998550,uniform,colocate-colocate-uniform,12,1,random-fuzzy-match,2,3,6,64000,random-fuzzy-match,20,3,48,10000
998550,998550,uniform,colocate-colocate-uniform,12,1,random-fuzzy-match,2,3,6,64000,random-fuzzy-match,20,3,48,64000
803138,802656,uniform,colocate-colocate-uniform,12,1,random-fuzzy-match,2,3,6,64000,random-fuzzy-match,20,3,6,10000
802656,802656,uniform,colocate-colocate-uniform,12,1,random-fuzzy-match,2,3,6,64000,random-fuzzy-match,20,3,6,64000
844360,844360,uniform,colocate-colocate-uniform,12,1,random-fuzzy-match,2,3,6,64000,random-fuzzy-match,30,3,0,64000
940052,940052,uniform,colocate-colocate-uniform,12,1,random-fuzzy-match,2,3,6,64000,random-fuzzy-match,30,3,12,10000
940052,940052,uniform,colocate-colocate-uniform,12,1,random-fuzzy-match,2,3,6,64000,random-fuzzy-match,30,3,12,64000
998550,998550,uniform,colocate-colocate-uniform,12,1,random-fuzzy-match,2,3,6,64000,random-fuzzy-match,30,3,24,10000
998550,998550,uniform,colocate-colocate-uniform,12,1,random-fuzzy-match,2,3,6,64000,random-fuzzy-match,30,3,24,64000
998550,998550,uniform,colocate-colocate-uniform,12,1,random-fuzzy-match,2,3,6,64000,random-fuzzy-match,30,3,48,10000
998550,998550,uniform,colocate-colocate-uniform,12,1,random-fuzzy-match,2,3,6,64000,random-fuzzy-match,30,3,48,64000
898340,898340,uniform,colocate-colocate-uniform,12,1,random-fuzzy-match,2,3,6,64000,random-fuzzy-match,30,3,6,10000
898340,898340,uniform,colocate-colocate-uniform,12,1,random-fuzzy-match,2,3,6,64000,random-fuzzy-match,30,3,6,64000
857366,857366,uniform,colocate-colocate-uniform,12,1,random-fuzzy-match,2,3,6,64000,exact-match,30,3,0,64000
713666,701100,uniform,colocate-colocate-uniform,12,1,random-fuzzy-match,2,3,6,64000,random-fuzzy-match,10,3,0,10000
701100,701100,uniform,colocate-colocate-uniform,12,1,random-fuzzy-match,2,3,6,64000,random-fuzzy-match,10,3,0,64000
740189,733774,uniform,colocate-colocate-uniform,12,1,random-fuzzy-match,2,3,6,64000,random-fuzzy-match,10,3,12,10000
733774,733774,uniform,colocate-colocate-uniform,12,1,random-fuzzy-match,2,3,6,64000,random-fuzzy-match,10,3,12,64000
818875,818875,uniform,colocate-colocate-uniform,12,2,random-fuzzy-match,2,3,6,64000,exact-match,30,3,0,10000
731727,730517,uniform,colocate-colocate-uniform,12,2,random-fuzzy-match,2,3,6,64000,random-fuzzy-match,10,3,24,10000
963624,963624,uniform,colocate-colocate-uniform,12,2,random-fuzzy-match,2,3,6,64000,random-fuzzy-match,20,3,24,10000
803656,803642,uniform,colocate-colocate-uniform,12,2,random-fuzzy-match,2,3,6,64000,random-fuzzy-match,30,3,0,10000
730517,730517,uniform,colocate-colocate-uniform,12,2,random-fuzzy-match,2,3,6,64000,random-fuzzy-match,10,3,24,64000
758396,758263,uniform,colocate-colocate-uniform,12,2,random-fuzzy-match,2,3,6,64000,random-fuzzy-match,10,3,48,10000
758263,758263,uniform,colocate-colocate-uniform,12,2,random-fuzzy-match,2,3,6,64000,random-fuzzy-match,10,3,48,64000
676400,661203,uniform,colocate-colocate-uniform,12,2,random-fuzzy-match,2,3,6,64000,random-fuzzy-match,10,3,6,10000
661203,661203,uniform,colocate-colocate-uniform,12,2,random-fuzzy-match,2,3,6,64000,random-fuzzy-match,10,3,6,64000
727670,726964,uniform,colocate-colocate-uniform,12,2,random-fuzzy-match,2,3,6,64000,random-fuzzy-match,20,3,0,10000
726964,726964,uniform,colocate-colocate-uniform,12,2,random-fuzzy-match,2,3,6,64000,random-fuzzy-match,20,3,0,64000
809178,809122,uniform,colocate-colocate-uniform,12,2,random-fuzzy-match,2,3,6,64000,random-fuzzy-match,20,3,12,10000
809122,809122,uniform,colocate-colocate-uniform,12,2,random-fuzzy-match,2,3,6,64000,random-fuzzy-match,20,3,12,64000
963624,963624,uniform,colocate-colocate-uniform,12,2,random-fuzzy-match,2,3,6,64000,random-fuzzy-match,20,3,24,64000
998098,998098,uniform,colocate-colocate-uniform,12,2,random-fuzzy-match,2,3,6,64000,random-fuzzy-match,20,3,48,10000
998098,998098,uniform,colocate-colocate-uniform,12,2,random-fuzzy-match,2,3,6,64000,random-fuzzy-match,20,3,48,64000
769504,769109,uniform,colocate-colocate-uniform,12,2,random-fuzzy-match,2,3,6,64000,random-fuzzy-match,20,3,6,10000
769109,769109,uniform,colocate-colocate-uniform,12,2,random-fuzzy-match,2,3,6,64000,random-fuzzy-match,20,3,6,64000
803642,803642,uniform,colocate-colocate-uniform,12,2,random-fuzzy-match,2,3,6,64000,random-fuzzy-match,30,3,0,64000
914590,914590,uniform,colocate-colocate-uniform,12,2,random-fuzzy-match,2,3,6,64000,random-fuzzy-match,30,3,12,10000
914590,914590,uniform,colocate-colocate-uniform,12,2,random-fuzzy-match,2,3,6,64000,random-fuzzy-match,30,3,12,64000
998465,998465,uniform,colocate-colocate-uniform,12,2,random-fuzzy-match,2,3,6,64000,random-fuzzy-match,30,3,24,10000
998465,998465,uniform,colocate-colocate-uniform,12,2,random-fuzzy-match,2,3,6,64000,random-fuzzy-match,30,3,24,64000
998466,998466,uniform,colocate-colocate-uniform,12,2,random-fuzzy-match,2,3,6,64000,random-fuzzy-match,30,3,48,10000
998466,998466,uniform,colocate-colocate-uniform,12,2,random-fuzzy-match,2,3,6,64000,random-fuzzy-match,30,3,48,64000
868265,868265,uniform,colocate-colocate-uniform,12,2,random-fuzzy-match,2,3,6,64000,random-fuzzy-match,30,3,6,10000
868265,868265,uniform,colocate-colocate-uniform,12,2,random-fuzzy-match,2,3,6,64000,random-fuzzy-match,30,3,6,64000
818875,818875,uniform,colocate-colocate-uniform,12,2,random-fuzzy-match,2,3,6,64000,exact-match,30,3,0,64000
667075,643817,uniform,colocate-colocate-uniform,12,2,random-fuzzy-match,2,3,6,64000,random-fuzzy-match,10,3,0,10000
643817,643817,uniform,colocate-colocate-uniform,12,2,random-fuzzy-match,2,3,6,64000,random-fuzzy-match,10,3,0,64000
689454,681817,uniform,colocate-colocate-uniform,12,2,random-fuzzy-match,2,3,6,64000,random-fuzzy-match,10,3,12,10000
681817,681817,uniform,colocate-colocate-uniform,12,2,random-fuzzy-match,2,3,6,64000,random-fuzzy-match,10,3,12,64000
726805,726805,uniform,colocate-colocate-uniform,24,0,random-fuzzy-match,2,3,6,64000,random-fuzzy-match,10,3,24,64000
747087,747075,uniform,colocate-colocate-uniform,24,0,random-fuzzy-match,2,3,6,64000,random-fuzzy-match,10,3,48,10000
747075,747075,uniform,colocate-colocate-uniform,24,0,random-fuzzy-match,2,3,6,64000,random-fuzzy-match,10,3,48,64000
687340,677424,uniform,colocate-colocate-uniform,24,0,random-fuzzy-match,2,3,6,64000,random-fuzzy-match,10,3,6,10000
677424,677424,uniform,colocate-colocate-uniform,24,0,random-fuzzy-match,2,3,6,64000,random-fuzzy-match,10,3,6,64000
727909,727415,uniform,colocate-colocate-uniform,24,0,random-fuzzy-match,2,3,6,64000,random-fuzzy-match,20,3,0,10000
727415,727415,uniform,colocate-colocate-uniform,24,0,random-fuzzy-match,2,3,6,64000,random-fuzzy-match,20,3,0,64000
812738,812640,uniform,colocate-colocate-uniform,24,0,random-fuzzy-match,2,3,6,64000,random-fuzzy-match,20,3,12,10000
812640,812640,uniform,colocate-colocate-uniform,24,0,random-fuzzy-match,2,3,6,64000,random-fuzzy-match,20,3,12,64000
966943,966943,uniform,colocate-colocate-uniform,24,0,random-fuzzy-match,2,3,6,64000,random-fuzzy-match,20,3,24,64000
997507,997507,uniform,colocate-colocate-uniform,24,0,random-fuzzy-match,2,3,6,64000,random-fuzzy-match,20,3,48,10000
997507,997507,uniform,colocate-colocate-uniform,24,0,random-fuzzy-match,2,3,6,64000,random-fuzzy-match,20,3,48,64000
772579,772166,uniform,colocate-colocate-uniform,24,0,random-fuzzy-match,2,3,6,64000,random-fuzzy-match,20,3,6,10000
772166,772166,uniform,colocate-colocate-uniform,24,0,random-fuzzy-match,2,3,6,64000,random-fuzzy-match,20,3,6,64000
797409,797409,uniform,colocate-colocate-uniform,24,0,random-fuzzy-match,2,3,6,64000,random-fuzzy-match,30,3,0,64000
910740,910740,uniform,colocate-colocate-uniform,24,0,random-fuzzy-match,2,3,6,64000,random-fuzzy-match,30,3,12,10000
910740,910740,uniform,colocate-colocate-uniform,24,0,random-fuzzy-match,2,3,6,64000,random-fuzzy-match,30,3,12,64000
998500,998500,uniform,colocate-colocate-uniform,24,0,random-fuzzy-match,2,3,6,64000,random-fuzzy-match,30,3,24,10000
998500,998500,uniform,colocate-colocate-uniform,24,0,random-fuzzy-match,2,3,6,64000,random-fuzzy-match,30,3,24,64000
998500,998500,uniform,colocate-colocate-uniform,24,0,random-fuzzy-match,2,3,6,64000,random-fuzzy-match,30,3,48,10000
998500,998500,uniform,colocate-colocate-uniform,24,0,random-fuzzy-match,2,3,6,64000,random-fuzzy-match,30,3,48,64000
862762,862762,uniform,colocate-colocate-uniform,24,0,random-fuzzy-match,2,3,6,64000,random-fuzzy-match,30,3,6,10000
862762,862762,uniform,colocate-colocate-uniform,24,0,random-fuzzy-match,2,3,6,64000,random-fuzzy-match,30,3,6,64000
813485,813485,uniform,colocate-colocate-uniform,24,0,random-fuzzy-match,2,3,6,64000,exact-match,30,3,0,64000
678435,663153,uniform,colocate-colocate-uniform,24,0,random-fuzzy-match,2,3,6,64000,random-fuzzy-match,10,3,0,10000
663153,663153,uniform,colocate-colocate-uniform,24,0,random-fuzzy-match,2,3,6,64000,random-fuzzy-match,10,3,0,64000
696632,692166,uniform,colocate-colocate-uniform,24,0,random-fuzzy-match,2,3,6,64000,random-fuzzy-match,10,3,12,10000
692166,692166,uniform,colocate-colocate-uniform,24,0,random-fuzzy-match,2,3,6,64000,random-fuzzy-match,10,3,12,64000
770943,770943,uniform,colocate-colocate-uniform,24,1,random-fuzzy-match,2,3,6,64000,random-fuzzy-match,10,3,24,64000
804838,804771,uniform,colocate-colocate-uniform,24,1,random-fuzzy-match,2,3,6,64000,random-fuzzy-match,10,3,48,10000
804771,804771,uniform,colocate-colocate-uniform,24,1,random-fuzzy-match,2,3,6,64000,random-fuzzy-match,10,3,48,64000
721516,717689,uniform,colocate-colocate-uniform,24,1,random-fuzzy-match,2,3,6,64000,random-fuzzy-match,10,3,6,10000
717689,717689,uniform,colocate-colocate-uniform,24,1,random-fuzzy-match,2,3,6,64000,random-fuzzy-match,10,3,6,64000
764940,764572,uniform,colocate-colocate-uniform,24,1,random-fuzzy-match,2,3,6,64000,random-fuzzy-match,20,3,0,10000
764572,764572,uniform,colocate-colocate-uniform,24,1,random-fuzzy-match,2,3,6,64000,random-fuzzy-match,20,3,0,64000
841368,841351,uniform,colocate-colocate-uniform,24,1,random-fuzzy-match,2,3,6,64000,random-fuzzy-match,20,3,12,10000
841351,841351,uniform,colocate-colocate-uniform,24,1,random-fuzzy-match,2,3,6,64000,random-fuzzy-match,20,3,12,64000
984719,984719,uniform,colocate-colocate-uniform,24,1,random-fuzzy-match,2,3,6,64000,random-fuzzy-match,20,3,24,64000
998550,998550,uniform,colocate-colocate-uniform,24,1,random-fuzzy-match,2,3,6,64000,random-fuzzy-match,20,3,48,10000
998550,998550,uniform,colocate-colocate-uniform,24,1,random-fuzzy-match,2,3,6,64000,random-fuzzy-match,20,3,48,64000
802956,802605,uniform,colocate-colocate-uniform,24,1,random-fuzzy-match,2,3,6,64000,random-fuzzy-match,20,3,6,10000
802605,802605,uniform,colocate-colocate-uniform,24,1,random-fuzzy-match,2,3,6,64000,random-fuzzy-match,20,3,6,64000
850058,850058,uniform,colocate-colocate-uniform,24,1,random-fuzzy-match,2,3,6,64000,random-fuzzy-match,30,3,0,64000
944656,944656,uniform,colocate-colocate-uniform,24,1,random-fuzzy-match,2,3,6,64000,random-fuzzy-match,30,3,12,10000
944656,944656,uniform,colocate-colocate-uniform,24,1,random-fuzzy-match,2,3,6,64000,random-fuzzy-match,30,3,12,64000
998550,998550,uniform,colocate-colocate-uniform,24,1,random-fuzzy-match,2,3,6,64000,random-fuzzy-match,30,3,24,10000
998550,998550,uniform,colocate-colocate-uniform,24,1,random-fuzzy-match,2,3,6,64000,random-fuzzy-match,30,3,24,64000
998550,998550,uniform,colocate-colocate-uniform,24,1,random-fuzzy-match,2,3,6,64000,random-fuzzy-match,30,3,48,10000
998550,998550,uniform,colocate-colocate-uniform,24,1,random-fuzzy-match,2,3,6,64000,random-fuzzy-match,30,3,48,64000
906121,906121,uniform,colocate-colocate-uniform,24,1,random-fuzzy-match,2,3,6,64000,random-fuzzy-match,30,3,6,10000
906121,906121,uniform,colocate-colocate-uniform,24,1,random-fuzzy-match,2,3,6,64000,random-fuzzy-match,30,3,6,64000
861898,861898,uniform,colocate-colocate-uniform,24,1,random-fuzzy-match,2,3,6,64000,exact-match,30,3,0,64000
710049,703293,uniform,colocate-colocate-uniform,24,1,random-fuzzy-match,2,3,6,64000,random-fuzzy-match,10,3,0,10000
703293,703293,uniform,colocate-colocate-uniform,24,1,random-fuzzy-match,2,3,6,64000,random-fuzzy-match,10,3,0,64000
735233,733716,uniform,colocate-colocate-uniform,24,1,random-fuzzy-match,2,3,6,64000,random-fuzzy-match,10,3,12,10000
733716,733716,uniform,colocate-colocate-uniform,24,1,random-fuzzy-match,2,3,6,64000,random-fuzzy-match,10,3,12,64000
814705,814705,uniform,colocate-colocate-uniform,24,2,random-fuzzy-match,2,3,6,64000,exact-match,30,3,0,10000
735661,735461,uniform,colocate-colocate-uniform,24,2,random-fuzzy-match,2,3,6,64000,random-fuzzy-match,10,3,24,10000
961406,961406,uniform,colocate-colocate-uniform,24,2,random-fuzzy-match,2,3,6,64000,random-fuzzy-match,20,3,24,10000
798917,798907,uniform,colocate-colocate-uniform,24,2,random-fuzzy-match,2,3,6,64000,random-fuzzy-match,30,3,0,10000
735461,735461,uniform,colocate-colocate-uniform,24,2,random-fuzzy-match,2,3,6,64000,random-fuzzy-match,10,3,24,64000
755774,755730,uniform,colocate-colocate-uniform,24,2,random-fuzzy-match,2,3,6,64000,random-fuzzy-match,10,3,48,10000
755730,755730,uniform,colocate-colocate-uniform,24,2,random-fuzzy-match,2,3,6,64000,random-fuzzy-match,10,3,48,64000
675928,666723,uniform,colocate-colocate-uniform,24,2,random-fuzzy-match,2,3,6,64000,random-fuzzy-match,10,3,6,10000
666723,666723,uniform,colocate-colocate-uniform,24,2,random-fuzzy-match,2,3,6,64000,random-fuzzy-match,10,3,6,64000
733500,733281,uniform,colocate-colocate-uniform,24,2,random-fuzzy-match,2,3,6,64000,random-fuzzy-match,20,3,0,10000
733281,733281,uniform,colocate-colocate-uniform,24,2,random-fuzzy-match,2,3,6,64000,random-fuzzy-match,20,3,0,64000
806770,806649,uniform,colocate-colocate-uniform,24,2,random-fuzzy-match,2,3,6,64000,random-fuzzy-match,20,3,12,10000
806649,806649,uniform,colocate-colocate-uniform,24,2,random-fuzzy-match,2,3,6,64000,random-fuzzy-match,20,3,12,64000
961406,961406,uniform,colocate-colocate-uniform,24,2,random-fuzzy-match,2,3,6,64000,random-fuzzy-match,20,3,24,64000
991251,991251,uniform,colocate-colocate-uniform,24,2,random-fuzzy-match,2,3,6,64000,random-fuzzy-match,20,3,48,10000
991251,991251,uniform,colocate-colocate-uniform,24,2,random-fuzzy-match,2,3,6,64000,random-fuzzy-match,20,3,48,64000
771159,770935,uniform,colocate-colocate-uniform,24,2,random-fuzzy-match,2,3,6,64000,random-fuzzy-match,20,3,6,10000
770935,770935,uniform,colocate-colocate-uniform,24,2,random-fuzzy-match,2,3,6,64000,random-fuzzy-match,20,3,6,64000
798907,798907,uniform,colocate-colocate-uniform,24,2,random-fuzzy-match,2,3,6,64000,random-fuzzy-match,30,3,0,64000
911426,911426,uniform,colocate-colocate-uniform,24,2,random-fuzzy-match,2,3,6,64000,random-fuzzy-match,30,3,12,10000
911426,911426,uniform,colocate-colocate-uniform,24,2,random-fuzzy-match,2,3,6,64000,random-fuzzy-match,30,3,12,64000
997951,997951,uniform,colocate-colocate-uniform,24,2,random-fuzzy-match,2,3,6,64000,random-fuzzy-match,30,3,24,10000
997951,997951,uniform,colocate-colocate-uniform,24,2,random-fuzzy-match,2,3,6,64000,random-fuzzy-match,30,3,24,64000
998466,998466,uniform,colocate-colocate-uniform,24,2,random-fuzzy-match,2,3,6,64000,random-fuzzy-match,30,3,48,10000
998466,998466,uniform,colocate-colocate-uniform,24,2,random-fuzzy-match,2,3,6,64000,random-fuzzy-match,30,3,48,64000
863793,863790,uniform,colocate-colocate-uniform,24,2,random-fuzzy-match,2,3,6,64000,random-fuzzy-match,30,3,6,10000
863790,863790,uniform,colocate-colocate-uniform,24,2,random-fuzzy-match,2,3,6,64000,random-fuzzy-match,30,3,6,64000
814705,814705,uniform,colocate-colocate-uniform,24,2,random-fuzzy-match,2,3,6,64000,exact-match,30,3,0,64000
665552,650294,uniform,colocate-colocate-uniform,24,2,random-fuzzy-match,2,3,6,64000,random-fuzzy-match,10,3,0,10000
650294,650294,uniform,colocate-colocate-uniform,24,2,random-fuzzy-match,2,3,6,64000,random-fuzzy-match,10,3,0,64000
690005,686274,uniform,colocate-colocate-uniform,24,2,random-fuzzy-match,2,3,6,64000,random-fuzzy-match,10,3,12,10000
686274,686274,uniform,colocate-colocate-uniform,24,2,random-fuzzy-match,2,3,6,64000,random-fuzzy-match,10,3,12,64000
735936,735936,uniform,colocate-colocate-uniform,48,0,random-fuzzy-match,2,3,6,64000,random-fuzzy-match,10,3,24,64000
760003,759980,uniform,colocate-colocate-uniform,48,0,random-fuzzy-match,2,3,6,64000,random-fuzzy-match,10,3,48,10000
759980,759980,uniform,colocate-colocate-uniform,48,0,random-fuzzy-match,2,3,6,64000,random-fuzzy-match,10,3,48,64000
689340,675413,uniform,colocate-colocate-uniform,48,0,random-fuzzy-match,2,3,6,64000,random-fuzzy-match,10,3,6,10000
675413,675413,uniform,colocate-colocate-uniform,48,0,random-fuzzy-match,2,3,6,64000,random-fuzzy-match,10,3,6,64000
737547,737002,uniform,colocate-colocate-uniform,48,0,random-fuzzy-match,2,3,6,64000,random-fuzzy-match,20,3,0,10000
737002,737002,uniform,colocate-colocate-uniform,48,0,random-fuzzy-match,2,3,6,64000,random-fuzzy-match,20,3,0,64000
819524,819459,uniform,colocate-colocate-uniform,48,0,random-fuzzy-match,2,3,6,64000,random-fuzzy-match,20,3,12,10000
819459,819459,uniform,colocate-colocate-uniform,48,0,random-fuzzy-match,2,3,6,64000,random-fuzzy-match,20,3,12,64000
969036,969036,uniform,colocate-colocate-uniform,48,0,random-fuzzy-match,2,3,6,64000,random-fuzzy-match,20,3,24,64000
998500,998500,uniform,colocate-colocate-uniform,48,0,random-fuzzy-match,2,3,6,64000,random-fuzzy-match,20,3,48,10000
998500,998500,uniform,colocate-colocate-uniform,48,0,random-fuzzy-match,2,3,6,64000,random-fuzzy-match,20,3,48,64000
780911,780702,uniform,colocate-colocate-uniform,48,0,random-fuzzy-match,2,3,6,64000,random-fuzzy-match,20,3,6,10000
780702,780702,uniform,colocate-colocate-uniform,48,0,random-fuzzy-match,2,3,6,64000,random-fuzzy-match,20,3,6,64000
807894,807894,uniform,colocate-colocate-uniform,48,0,random-fuzzy-match,2,3,6,64000,random-fuzzy-match,30,3,0,64000
916946,916946,uniform,colocate-colocate-uniform,48,0,random-fuzzy-match,2,3,6,64000,random-fuzzy-match,30,3,12,10000
916946,916946,uniform,colocate-colocate-uniform,48,0,random-fuzzy-match,2,3,6,64000,random-fuzzy-match,30,3,12,64000
998500,998500,uniform,colocate-colocate-uniform,48,0,random-fuzzy-match,2,3,6,64000,random-fuzzy-match,30,3,24,10000
998500,998500,uniform,colocate-colocate-uniform,48,0,random-fuzzy-match,2,3,6,64000,random-fuzzy-match,30,3,24,64000
998500,998500,uniform,colocate-colocate-uniform,48,0,random-fuzzy-match,2,3,6,64000,random-fuzzy-match,30,3,48,10000
998500,998500,uniform,colocate-colocate-uniform,48,0,random-fuzzy-match,2,3,6,64000,random-fuzzy-match,30,3,48,64000
870936,870936,uniform,colocate-colocate-uniform,48,0,random-fuzzy-match,2,3,6,64000,random-fuzzy-match,30,3,6,10000
870936,870936,uniform,colocate-colocate-uniform,48,0,random-fuzzy-match,2,3,6,64000,random-fuzzy-match,30,3,6,64000
824647,824647,uniform,colocate-colocate-uniform,48,0,random-fuzzy-match,2,3,6,64000,exact-match,30,3,0,64000
681984,660201,uniform,colocate-colocate-uniform,48,0,random-fuzzy-match,2,3,6,64000,random-fuzzy-match,10,3,0,10000
660201,660201,uniform,colocate-colocate-uniform,48,0,random-fuzzy-match,2,3,6,64000,random-fuzzy-match,10,3,0,64000
698487,692664,uniform,colocate-colocate-uniform,48,0,random-fuzzy-match,2,3,6,64000,random-fuzzy-match,10,3,12,10000
692664,692664,uniform,colocate-colocate-uniform,48,0,random-fuzzy-match,2,3,6,64000,random-fuzzy-match,10,3,12,64000
772835,772835,uniform,colocate-colocate-uniform,48,1,random-fuzzy-match,2,3,6,64000,random-fuzzy-match,10,3,24,64000
805476,805426,uniform,colocate-colocate-uniform,48,1,random-fuzzy-match,2,3,6,64000,random-fuzzy-match,10,3,48,10000
805426,805426,uniform,colocate-colocate-uniform,48,1,random-fuzzy-match,2,3,6,64000,random-fuzzy-match,10,3,48,64000
726739,716524,uniform,colocate-colocate-uniform,48,1,random-fuzzy-match,2,3,6,64000,random-fuzzy-match,10,3,6,10000
716524,716524,uniform,colocate-colocate-uniform,48,1,random-fuzzy-match,2,3,6,64000,random-fuzzy-match,10,3,6,64000
764757,764047,uniform,colocate-colocate-uniform,48,1,random-fuzzy-match,2,3,6,64000,random-fuzzy-match,20,3,0,10000
764047,764047,uniform,colocate-colocate-uniform,48,1,random-fuzzy-match,2,3,6,64000,random-fuzzy-match,20,3,0,64000
841560,841472,uniform,colocate-colocate-uniform,48,1,random-fuzzy-match,2,3,6,64000,random-fuzzy-match,20,3,12,10000
841472,841472,uniform,colocate-colocate-uniform,48,1,random-fuzzy-match,2,3,6,64000,random-fuzzy-match,20,3,12,64000
986015,986015,uniform,colocate-colocate-uniform,48,1,random-fuzzy-match,2,3,6,64000,random-fuzzy-match,20,3,24,64000
998550,998550,uniform,colocate-colocate-uniform,48,1,random-fuzzy-match,2,3,6,64000,random-fuzzy-match,20,3,48,10000
998550,998550,uniform,colocate-colocate-uniform,48,1,random-fuzzy-match,2,3,6,64000,random-fuzzy-match,20,3,48,64000
803225,802743,uniform,colocate-colocate-uniform,48,1,random-fuzzy-match,2,3,6,64000,random-fuzzy-match,20,3,6,10000
802743,802743,uniform,colocate-colocate-uniform,48,1,random-fuzzy-match,2,3,6,64000,random-fuzzy-match,20,3,6,64000
844427,844427,uniform,colocate-colocate-uniform,48,1,random-fuzzy-match,2,3,6,64000,random-fuzzy-match,30,3,0,64000
940269,940269,uniform,colocate-colocate-uniform,48,1,random-fuzzy-match,2,3,6,64000,random-fuzzy-match,30,3,12,10000
940269,940269,uniform,colocate-colocate-uniform,48,1,random-fuzzy-match,2,3,6,64000,random-fuzzy-match,30,3,12,64000
998550,998550,uniform,colocate-colocate-uniform,48,1,random-fuzzy-match,2,3,6,64000,random-fuzzy-match,30,3,24,10000
998550,998550,uniform,colocate-colocate-uniform,48,1,random-fuzzy-match,2,3,6,64000,random-fuzzy-match,30,3,24,64000
998550,998550,uniform,colocate-colocate-uniform,48,1,random-fuzzy-match,2,3,6,64000,random-fuzzy-match,30,3,48,10000
998550,998550,uniform,colocate-colocate-uniform,48,1,random-fuzzy-match,2,3,6,64000,random-fuzzy-match,30,3,48,64000
898329,898329,uniform,colocate-colocate-uniform,48,1,random-fuzzy-match,2,3,6,64000,random-fuzzy-match,30,3,6,10000
898329,898329,uniform,colocate-colocate-uniform,48,1,random-fuzzy-match,2,3,6,64000,random-fuzzy-match,30,3,6,64000
857320,857320,uniform,colocate-colocate-uniform,48,1,random-fuzzy-match,2,3,6,64000,exact-match,30,3,0,64000
713435,701014,uniform,colocate-colocate-uniform,48,1,random-fuzzy-match,2,3,6,64000,random-fuzzy-match,10,3,0,10000
701014,701014,uniform,colocate-colocate-uniform,48,1,random-fuzzy-match,2,3,6,64000,random-fuzzy-match,10,3,0,64000
740115,733722,uniform,colocate-colocate-uniform,48,1,random-fuzzy-match,2,3,6,64000,random-fuzzy-match,10,3,12,10000
733722,733722,uniform,colocate-colocate-uniform,48,1,random-fuzzy-match,2,3,6,64000,random-fuzzy-match,10,3,12,64000
837913,837913,uniform,colocate-colocate-uniform,48,2,random-fuzzy-match,2,3,6,64000,exact-match,30,3,0,10000
733414,732405,uniform,colocate-colocate-uniform,48,2,random-fuzzy-match,2,3,6,64000,random-fuzzy-match,10,3,24,10000
977186,977186,uniform,colocate-colocate-uniform,48,2,random-fuzzy-match,2,3,6,64000,random-fuzzy-match,20,3,24,10000
926402,926402,uniform,colocate-colocate-uniform,48,2,random-fuzzy-match,2,3,6,64000,random-fuzzy-match,30,3,12,10000
732405,732405,uniform,colocate-colocate-uniform,48,2,random-fuzzy-match,2,3,6,64000,random-fuzzy-match,10,3,24,64000
764737,764022,uniform,colocate-colocate-uniform,48,2,random-fuzzy-match,2,3,6,64000,random-fuzzy-match,10,3,48,10000
764022,764022,uniform,colocate-colocate-uniform,48,2,random-fuzzy-match,2,3,6,64000,random-fuzzy-match,10,3,48,64000
681740,663728,uniform,colocate-colocate-uniform,48,2,random-fuzzy-match,2,3,6,64000,random-fuzzy-match,10,3,6,10000
663728,663728,uniform,colocate-colocate-uniform,48,2,random-fuzzy-match,2,3,6,64000,random-fuzzy-match,10,3,6,64000
733970,732833,uniform,colocate-colocate-uniform,48,2,random-fuzzy-match,2,3,6,64000,random-fuzzy-match,20,3,0,10000
732833,732833,uniform,colocate-colocate-uniform,48,2,random-fuzzy-match,2,3,6,64000,random-fuzzy-match,20,3,0,64000
824347,824182,uniform,colocate-colocate-uniform,48,2,random-fuzzy-match,2,3,6,64000,random-fuzzy-match,20,3,12,10000
824182,824182,uniform,colocate-colocate-uniform,48,2,random-fuzzy-match,2,3,6,64000,random-fuzzy-match,20,3,12,64000
977186,977186,uniform,colocate-colocate-uniform,48,2,random-fuzzy-match,2,3,6,64000,random-fuzzy-match,20,3,24,64000
998466,998466,uniform,colocate-colocate-uniform,48,2,random-fuzzy-match,2,3,6,64000,random-fuzzy-match,20,3,48,10000
998466,998466,uniform,colocate-colocate-uniform,48,2,random-fuzzy-match,2,3,6,64000,random-fuzzy-match,20,3,48,64000
781803,781345,uniform,colocate-colocate-uniform,48,2,random-fuzzy-match,2,3,6,64000,random-fuzzy-match,20,3,6,10000
781345,781345,uniform,colocate-colocate-uniform,48,2,random-fuzzy-match,2,3,6,64000,random-fuzzy-match,20,3,6,64000
823314,823231,uniform,colocate-colocate-uniform,48,2,random-fuzzy-match,2,3,6,64000,random-fuzzy-match,30,3,0,10000
823231,823231,uniform,colocate-colocate-uniform,48,2,random-fuzzy-match,2,3,6,64000,random-fuzzy-match,30,3,0,64000
926402,926402,uniform,colocate-colocate-uniform,48,2,random-fuzzy-match,2,3,6,64000,random-fuzzy-match,30,3,12,64000
998466,998466,uniform,colocate-colocate-uniform,48,2,random-fuzzy-match,2,3,6,64000,random-fuzzy-match,30,3,24,10000
998466,998466,uniform,colocate-colocate-uniform,48,2,random-fuzzy-match,2,3,6,64000,random-fuzzy-match,30,3,24,64000
998466,998466,uniform,colocate-colocate-uniform,48,2,random-fuzzy-match,2,3,6,64000,random-fuzzy-match,30,3,48,10000
998466,998466,uniform,colocate-colocate-uniform,48,2,random-fuzzy-match,2,3,6,64000,random-fuzzy-match,30,3,48,64000
883042,883042,uniform,colocate-colocate-uniform,48,2,random-fuzzy-match,2,3,6,64000,random-fuzzy-match,30,3,6,10000
883042,883042,uniform,colocate-colocate-uniform,48,2,random-fuzzy-match,2,3,6,64000,random-fuzzy-match,30,3,6,64000
837913,837913,uniform,colocate-colocate-uniform,48,2,random-fuzzy-match,2,3,6,64000,exact-match,30,3,0,64000
669315,647530,uniform,colocate-colocate-uniform,48,2,random-fuzzy-match,2,3,6,64000,random-fuzzy-match,10,3,0,10000
647530,647530,uniform,colocate-colocate-uniform,48,2,random-fuzzy-match,2,3,6,64000,random-fuzzy-match,10,3,0,64000
694490,682431,uniform,colocate-colocate-uniform,48,2,random-fuzzy-match,2,3,6,64000,random-fuzzy-match,10,3,12,10000
682431,682431,uniform,colocate-colocate-uniform,48,2,random-fuzzy-match,2,3,6,64000,random-fuzzy-match,10,3,12,64000
207078,204896,uniform,colocate-uniform,uniform,0,random-fuzzy-match,2,3,6,64000,random-fuzzy-match,10,3,12,64000
721744,220926,uniform,colocate-uniform,uniform,0,random-fuzzy-match,2,3,6,64000,random-fuzzy-match,10,3,24,10000
220987,220926,uniform,colocate-uniform,uniform,0,random-fuzzy-match,2,3,6,64000,random-fuzzy-match,10,3,24,64000
698038,221058,uniform,colocate-uniform,uniform,0,random-fuzzy-match,2,3,6,64000,random-fuzzy-match,10,3,48,10000
686383,686383,uniform,colocate-uniform,uniform,0,random-fuzzy-match,2,3,6,64000,random-fuzzy-match,20,3,24,64000
830989,763898,uniform,colocate-uniform,uniform,0,random-fuzzy-match,2,3,6,64000,random-fuzzy-match,20,3,48,10000
763898,763898,uniform,colocate-uniform,uniform,0,random-fuzzy-match,2,3,6,64000,random-fuzzy-match,20,3,48,64000
711440,331427,uniform,colocate-uniform,uniform,0,random-fuzzy-match,2,3,6,64000,random-fuzzy-match,20,3,6,10000
789631,172738,uniform,colocate-uniform,uniform,0,random-fuzzy-match,2,3,6,64000,random-fuzzy-match,10,3,6,10000
180831,172738,uniform,colocate-uniform,uniform,0,random-fuzzy-match,2,3,6,64000,random-fuzzy-match,10,3,6,64000
775020,132509,uniform,colocate-uniform,uniform,0,random-fuzzy-match,2,3,6,64000,random-fuzzy-match,20,3,0,10000
141767,132509,uniform,colocate-uniform,uniform,0,random-fuzzy-match,2,3,6,64000,random-fuzzy-match,20,3,0,64000
730300,519167,uniform,colocate-uniform,uniform,0,random-fuzzy-match,2,3,6,64000,random-fuzzy-match,20,3,12,10000
519167,519167,uniform,colocate-uniform,uniform,0,random-fuzzy-match,2,3,6,64000,random-fuzzy-match,20,3,12,64000
787017,787017,uniform,colocate-uniform,uniform,0,random-fuzzy-match,2,3,6,64000,random-fuzzy-match,30,3,48,64000
732360,555395,uniform,colocate-uniform,uniform,0,random-fuzzy-match,2,3,6,64000,random-fuzzy-match,30,3,6,10000
555395,555395,uniform,colocate-uniform,uniform,0,random-fuzzy-match,2,3,6,64000,random-fuzzy-match,30,3,6,64000
152016,146800,uniform,colocate-uniform,uniform,0,random-fuzzy-match,2,3,6,64000,exact-match,20,3,0,64000
754324,257914,uniform,colocate-uniform,uniform,0,random-fuzzy-match,2,3,6,64000,exact-match,30,3,0,10000
257914,257914,uniform,colocate-uniform,uniform,0,random-fuzzy-match,2,3,6,64000,exact-match,30,3,0,64000
817209,46810,uniform,colocate-uniform,uniform,0,random-fuzzy-match,2,3,6,64000,random-fuzzy-match,10,3,0,10000
114868,46810,uniform,colocate-uniform,uniform,0,random-fuzzy-match,2,3,6,64000,random-fuzzy-match,10,3,0,64000
697764,270288,uniform,colocate-uniform,uniform,1,random-fuzzy-match,2,3,6,64000,exact-match,30,3,0,10000
668221,233172,uniform,colocate-uniform,uniform,1,random-fuzzy-match,2,3,6,64000,random-fuzzy-match,10,3,24,10000
791379,723247,uniform,colocate-uniform,uniform,1,random-fuzzy-match,2,3,6,64000,random-fuzzy-match,20,3,24,10000
642245,248958,uniform,colocate-uniform,uniform,1,random-fuzzy-match,2,3,6,64000,random-fuzzy-match,30,3,0,10000
693773,237285,uniform,colocate-uniform,uniform,0,random-fuzzy-match,2,3,6,64000,random-fuzzy-match,30,3,0,10000
237291,237285,uniform,colocate-uniform,uniform,0,random-fuzzy-match,2,3,6,64000,random-fuzzy-match,30,3,0,64000
790628,709098,uniform,colocate-uniform,uniform,0,random-fuzzy-match,2,3,6,64000,random-fuzzy-match,30,3,12,10000
709098,709098,uniform,colocate-uniform,uniform,0,random-fuzzy-match,2,3,6,64000,random-fuzzy-match,30,3,12,64000
820722,777810,uniform,colocate-uniform,uniform,0,random-fuzzy-match,2,3,6,64000,random-fuzzy-match,30,3,24,10000
777810,777810,uniform,colocate-uniform,uniform,0,random-fuzzy-match,2,3,6,64000,random-fuzzy-match,30,3,24,64000
813693,53053,uniform,colocate-uniform,uniform,1,random-fuzzy-match,2,3,6,64000,exact-match,10,3,0,10000
69431,53053,uniform,colocate-uniform,uniform,1,random-fuzzy-match,2,3,6,64000,exact-match,10,3,0,64000
768301,154063,uniform,colocate-uniform,uniform,1,random-fuzzy-match,2,3,6,64000,exact-match,20,3,0,10000
155543,154063,uniform,colocate-uniform,uniform,1,random-fuzzy-match,2,3,6,64000,exact-match,20,3,0,64000
233173,233172,uniform,colocate-uniform,uniform,1,random-fuzzy-match,2,3,6,64000,random-fuzzy-match,10,3,24,64000
644703,233316,uniform,colocate-uniform,uniform,1,random-fuzzy-match,2,3,6,64000,random-fuzzy-match,10,3,48,10000
233316,233316,uniform,colocate-uniform,uniform,1,random-fuzzy-match,2,3,6,64000,random-fuzzy-match,10,3,48,64000
739329,182838,uniform,colocate-uniform,uniform,1,random-fuzzy-match,2,3,6,64000,random-fuzzy-match,10,3,6,10000
183392,182838,uniform,colocate-uniform,uniform,1,random-fuzzy-match,2,3,6,64000,random-fuzzy-match,10,3,6,64000
726916,139976,uniform,colocate-uniform,uniform,1,random-fuzzy-match,2,3,6,64000,random-fuzzy-match,20,3,0,10000
140144,139976,uniform,colocate-uniform,uniform,1,random-fuzzy-match,2,3,6,64000,random-fuzzy-match,20,3,0,64000
726210,543847,uniform,colocate-uniform,uniform,1,random-fuzzy-match,2,3,6,64000,random-fuzzy-match,20,3,12,10000
543847,543847,uniform,colocate-uniform,uniform,1,random-fuzzy-match,2,3,6,64000,random-fuzzy-match,20,3,12,64000
723247,723247,uniform,colocate-uniform,uniform,1,random-fuzzy-match,2,3,6,64000,random-fuzzy-match,20,3,24,64000
830862,815632,uniform,colocate-uniform,uniform,1,random-fuzzy-match,2,3,6,64000,random-fuzzy-match,20,3,48,10000
815632,815632,uniform,colocate-uniform,uniform,1,random-fuzzy-match,2,3,6,64000,random-fuzzy-match,20,3,48,64000
664482,346874,uniform,colocate-uniform,uniform,1,random-fuzzy-match,2,3,6,64000,random-fuzzy-match,20,3,6,10000
346874,346874,uniform,colocate-uniform,uniform,1,random-fuzzy-match,2,3,6,64000,random-fuzzy-match,20,3,6,64000
248958,248958,uniform,colocate-uniform,uniform,1,random-fuzzy-match,2,3,6,64000,random-fuzzy-match,30,3,0,64000
812454,745664,uniform,colocate-uniform,uniform,1,random-fuzzy-match,2,3,6,64000,random-fuzzy-match,30,3,12,10000
745664,745664,uniform,colocate-uniform,uniform,1,random-fuzzy-match,2,3,6,64000,random-fuzzy-match,30,3,12,64000
829682,826964,uniform,colocate-uniform,uniform,1,random-fuzzy-match,2,3,6,64000,random-fuzzy-match,30,3,24,10000
826964,826964,uniform,colocate-uniform,uniform,1,random-fuzzy-match,2,3,6,64000,random-fuzzy-match,30,3,24,64000
836286,836274,uniform,colocate-uniform,uniform,1,random-fuzzy-match,2,3,6,64000,random-fuzzy-match,30,3,48,10000
836274,836274,uniform,colocate-uniform,uniform,1,random-fuzzy-match,2,3,6,64000,random-fuzzy-match,30,3,48,64000
740487,580795,uniform,colocate-uniform,uniform,1,random-fuzzy-match,2,3,6,64000,random-fuzzy-match,30,3,6,10000
580795,580795,uniform,colocate-uniform,uniform,1,random-fuzzy-match,2,3,6,64000,random-fuzzy-match,30,3,6,64000
270288,270288,uniform,colocate-uniform,uniform,1,random-fuzzy-match,2,3,6,64000,exact-match,30,3,0,64000
791578,48648,uniform,colocate-uniform,uniform,1,random-fuzzy-match,2,3,6,64000,random-fuzzy-match,10,3,0,10000
64532,48648,uniform,colocate-uniform,uniform,1,random-fuzzy-match,2,3,6,64000,random-fuzzy-match,10,3,0,64000
707625,216319,uniform,colocate-uniform,uniform,1,random-fuzzy-match,2,3,6,64000,random-fuzzy-match,10,3,12,10000
216346,216319,uniform,colocate-uniform,uniform,1,random-fuzzy-match,2,3,6,64000,random-fuzzy-match,10,3,12,64000
175520,168937,uniform,colocate-uniform,uniform,2,random-fuzzy-match,2,3,6,64000,random-fuzzy-match,10,3,6,64000
741082,129311,uniform,colocate-uniform,uniform,2,random-fuzzy-match,2,3,6,64000,random-fuzzy-match,20,3,0,10000
132712,129311,uniform,colocate-uniform,uniform,2,random-fuzzy-match,2,3,6,64000,random-fuzzy-match,20,3,0,64000
748639,506909,uniform,colocate-uniform,uniform,2,random-fuzzy-match,2,3,6,64000,random-fuzzy-match,20,3,12,10000
230591,230483,uniform,colocate-uniform,uniform,2,random-fuzzy-match,2,3,6,64000,random-fuzzy-match,30,3,0,64000
798396,696011,uniform,colocate-uniform,uniform,2,random-fuzzy-match,2,3,6,64000,random-fuzzy-match,30,3,12,10000
696011,696011,uniform,colocate-uniform,uniform,2,random-fuzzy-match,2,3,6,64000,random-fuzzy-match,30,3,12,64000
801545,765879,uniform,colocate-uniform,uniform,2,random-fuzzy-match,2,3,6,64000,random-fuzzy-match,30,3,24,10000
765879,765879,uniform,colocate-uniform,uniform,2,random-fuzzy-match,2,3,6,64000,random-fuzzy-match,30,3,24,64000
778819,778362,uniform,colocate-uniform,uniform,2,random-fuzzy-match,2,3,6,64000,random-fuzzy-match,30,3,48,10000
778362,778362,uniform,colocate-uniform,uniform,2,random-fuzzy-match,2,3,6,64000,random-fuzzy-match,30,3,48,64000
755320,543309,uniform,colocate-uniform,uniform,2,random-fuzzy-match,2,3,6,64000,random-fuzzy-match,30,3,6,10000
103991,45563,uniform,colocate-uniform,uniform,2,random-fuzzy-match,2,3,6,64000,random-fuzzy-match,10,3,0,64000
732963,200116,uniform,colocate-uniform,uniform,2,random-fuzzy-match,2,3,6,64000,random-fuzzy-match,10,3,12,10000
202469,200116,uniform,colocate-uniform,uniform,2,random-fuzzy-match,2,3,6,64000,random-fuzzy-match,10,3,12,64000
707884,215715,uniform,colocate-uniform,uniform,2,random-fuzzy-match,2,3,6,64000,random-fuzzy-match,10,3,24,10000
216500,215715,uniform,colocate-uniform,uniform,2,random-fuzzy-match,2,3,6,64000,random-fuzzy-match,10,3,24,64000
697212,215845,uniform,colocate-uniform,uniform,2,random-fuzzy-match,2,3,6,64000,random-fuzzy-match,10,3,48,10000
216040,215845,uniform,colocate-uniform,uniform,2,random-fuzzy-match,2,3,6,64000,random-fuzzy-match,10,3,48,64000
780451,671514,uniform,colocate-uniform,uniform,2,random-fuzzy-match,2,3,6,64000,random-fuzzy-match,20,3,24,10000
671514,671514,uniform,colocate-uniform,uniform,2,random-fuzzy-match,2,3,6,64000,random-fuzzy-match,20,3,24,64000
804251,748824,uniform,colocate-uniform,uniform,2,random-fuzzy-match,2,3,6,64000,random-fuzzy-match,20,3,48,10000
748824,748824,uniform,colocate-uniform,uniform,2,random-fuzzy-match,2,3,6,64000,random-fuzzy-match,20,3,48,64000
718182,320301,uniform,colocate-uniform,uniform,2,random-fuzzy-match,2,3,6,64000,random-fuzzy-match,20,3,6,10000
320389,320301,uniform,colocate-uniform,uniform,2,random-fuzzy-match,2,3,6,64000,random-fuzzy-match,20,3,6,64000
843897,843897,wve,colocate-colocate-uniform,12,0,random-fuzzy-match,2,3,6,64000,random-fuzzy-match,10,3,24,64000
859899,859899,wve,colocate-colocate-uniform,12,0,random-fuzzy-match,2,3,6,64000,random-fuzzy-match,10,3,48,10000
859899,859899,wve,colocate-colocate-uniform,12,0,random-fuzzy-match,2,3,6,64000,random-fuzzy-match,10,3,48,64000
764779,764466,wve,colocate-colocate-uniform,12,0,random-fuzzy-match,2,3,6,64000,random-fuzzy-match,10,3,6,10000
764466,764466,wve,colocate-colocate-uniform,12,0,random-fuzzy-match,2,3,6,64000,random-fuzzy-match,10,3,6,64000
773934,773674,wve,colocate-colocate-uniform,12,0,random-fuzzy-match,2,3,6,64000,random-fuzzy-match,20,3,0,10000
773674,773674,wve,colocate-colocate-uniform,12,0,random-fuzzy-match,2,3,6,64000,random-fuzzy-match,20,3,0,64000
951695,951695,wve,colocate-colocate-uniform,12,0,random-fuzzy-match,2,3,6,64000,random-fuzzy-match,20,3,12,10000
951695,951695,wve,colocate-colocate-uniform,12,0,random-fuzzy-match,2,3,6,64000,random-fuzzy-match,20,3,12,64000
995926,995926,wve,colocate-colocate-uniform,12,0,random-fuzzy-match,2,3,6,64000,random-fuzzy-match,20,3,24,64000
998500,998500,wve,colocate-colocate-uniform,12,0,random-fuzzy-match,2,3,6,64000,random-fuzzy-match,20,3,48,10000
998500,998500,wve,colocate-colocate-uniform,12,0,random-fuzzy-match,2,3,6,64000,random-fuzzy-match,20,3,48,64000
890372,890372,wve,colocate-colocate-uniform,12,0,random-fuzzy-match,2,3,6,64000,random-fuzzy-match,20,3,6,10000
890372,890372,wve,colocate-colocate-uniform,12,0,random-fuzzy-match,2,3,6,64000,random-fuzzy-match,20,3,6,64000
869910,869910,wve,colocate-colocate-uniform,12,0,random-fuzzy-match,2,3,6,64000,random-fuzzy-match,30,3,0,10000
869910,869910,wve,colocate-colocate-uniform,12,0,random-fuzzy-match,2,3,6,64000,random-fuzzy-match,30,3,0,64000
997491,997491,wve,colocate-colocate-uniform,12,0,random-fuzzy-match,2,3,6,64000,random-fuzzy-match,30,3,12,64000
998500,998500,wve,colocate-colocate-uniform,12,0,random-fuzzy-match,2,3,6,64000,random-fuzzy-match,30,3,24,10000
998500,998500,wve,colocate-colocate-uniform,12,0,random-fuzzy-match,2,3,6,64000,random-fuzzy-match,30,3,24,64000
998500,998500,wve,colocate-colocate-uniform,12,0,random-fuzzy-match,2,3,6,64000,random-fuzzy-match,30,3,48,10000
998500,998500,wve,colocate-colocate-uniform,12,0,random-fuzzy-match,2,3,6,64000,random-fuzzy-match,30,3,48,64000
978671,978671,wve,colocate-colocate-uniform,12,0,random-fuzzy-match,2,3,6,64000,random-fuzzy-match,30,3,6,10000
978671,978671,wve,colocate-colocate-uniform,12,0,random-fuzzy-match,2,3,6,64000,random-fuzzy-match,30,3,6,64000
875126,875126,wve,colocate-colocate-uniform,12,0,random-fuzzy-match,2,3,6,64000,exact-match,30,3,0,64000
706778,701690,wve,colocate-colocate-uniform,12,0,random-fuzzy-match,2,3,6,64000,random-fuzzy-match,10,3,0,10000
701690,701690,wve,colocate-colocate-uniform,12,0,random-fuzzy-match,2,3,6,64000,random-fuzzy-match,10,3,0,64000
809571,809564,wve,colocate-colocate-uniform,12,0,random-fuzzy-match,2,3,6,64000,random-fuzzy-match,10,3,12,10000
809564,809564,wve,colocate-colocate-uniform,12,0,random-fuzzy-match,2,3,6,64000,random-fuzzy-match,10,3,12,64000
740859,740859,wve,colocate-colocate-uniform,12,1,random-fuzzy-match,2,3,6,64000,random-fuzzy-match,10,3,0,64000
860326,860326,wve,colocate-colocate-uniform,12,1,random-fuzzy-match,2,3,6,64000,random-fuzzy-match,10,3,12,10000
860326,860326,wve,colocate-colocate-uniform,12,1,random-fuzzy-match,2,3,6,64000,random-fuzzy-match,10,3,12,64000
898637,898637,wve,colocate-colocate-uniform,12,1,random-fuzzy-match,2,3,6,64000,random-fuzzy-match,10,3,24,10000
898637,898637,wve,colocate-colocate-uniform,12,1,random-fuzzy-match,2,3,6,64000,random-fuzzy-match,10,3,24,64000
916320,916320,wve,colocate-colocate-uniform,12,1,random-fuzzy-match,2,3,6,64000,random-fuzzy-match,10,3,48,10000
916320,916320,wve,colocate-colocate-uniform,12,1,random-fuzzy-match,2,3,6,64000,random-fuzzy-match,10,3,48,64000
809156,809156,wve,colocate-colocate-uniform,12,1,random-fuzzy-match,2,3,6,64000,random-fuzzy-match,10,3,6,10000
809156,809156,wve,colocate-colocate-uniform,12,1,random-fuzzy-match,2,3,6,64000,random-fuzzy-match,10,3,6,64000
741272,740859,wve,colocate-colocate-uniform,12,1,random-fuzzy-match,2,3,6,64000,random-fuzzy-match,10,3,0,10000
824445,824445,wve,colocate-colocate-uniform,12,1,random-fuzzy-match,2,3,6,64000,random-fuzzy-match,20,3,0,10000
924305,924305,wve,colocate-colocate-uniform,12,1,random-fuzzy-match,2,3,6,64000,random-fuzzy-match,30,3,0,10000
998550,998550,wve,colocate-colocate-uniform,12,1,random-fuzzy-match,2,3,6,64000,random-fuzzy-match,30,3,24,64000
824445,824445,wve,colocate-colocate-uniform,12,1,random-fuzzy-match,2,3,6,64000,random-fuzzy-match,20,3,0,64000
977912,977912,wve,colocate-colocate-uniform,12,1,random-fuzzy-match,2,3,6,64000,random-fuzzy-match,20,3,12,10000
977912,977912,wve,colocate-colocate-uniform,12,1,random-fuzzy-match,2,3,6,64000,random-fuzzy-match,20,3,12,64000
997990,997990,wve,colocate-colocate-uniform,12,1,random-fuzzy-match,2,3,6,64000,random-fuzzy-match,20,3,24,10000
997990,997990,wve,colocate-colocate-uniform,12,1,random-fuzzy-match,2,3,6,64000,random-fuzzy-match,20,3,24,64000
998550,998550,wve,colocate-colocate-uniform,12,1,random-fuzzy-match,2,3,6,64000,random-fuzzy-match,20,3,48,10000
998550,998550,wve,colocate-colocate-uniform,12,1,random-fuzzy-match,2,3,6,64000,random-fuzzy-match,20,3,48,64000
933410,933410,wve,colocate-colocate-uniform,12,1,random-fuzzy-match,2,3,6,64000,random-fuzzy-match,20,3,6,10000
933410,933410,wve,colocate-colocate-uniform,12,1,random-fuzzy-match,2,3,6,64000,random-fuzzy-match,20,3,6,64000
924305,924305,wve,colocate-colocate-uniform,12,1,random-fuzzy-match,2,3,6,64000,random-fuzzy-match,30,3,0,64000
998374,998374,wve,colocate-colocate-uniform,12,1,random-fuzzy-match,2,3,6,64000,random-fuzzy-match,30,3,12,10000
998374,998374,wve,colocate-colocate-uniform,12,1,random-fuzzy-match,2,3,6,64000,random-fuzzy-match,30,3,12,64000
998550,998550,wve,colocate-colocate-uniform,12,1,random-fuzzy-match,2,3,6,64000,random-fuzzy-match,30,3,24,10000
998550,998550,wve,colocate-colocate-uniform,12,1,random-fuzzy-match,2,3,6,64000,random-fuzzy-match,30,3,48,10000
998550,998550,wve,colocate-colocate-uniform,12,1,random-fuzzy-match,2,3,6,64000,random-fuzzy-match,30,3,48,64000
991427,991427,wve,colocate-colocate-uniform,12,1,random-fuzzy-match,2,3,6,64000,random-fuzzy-match,30,3,6,10000
991427,991427,wve,colocate-colocate-uniform,12,1,random-fuzzy-match,2,3,6,64000,random-fuzzy-match,30,3,6,64000
818044,818044,wve,colocate-colocate-uniform,12,2,random-fuzzy-match,2,3,6,64000,random-fuzzy-match,10,3,12,64000
855365,855365,wve,colocate-colocate-uniform,12,2,random-fuzzy-match,2,3,6,64000,random-fuzzy-match,10,3,24,10000
855365,855365,wve,colocate-colocate-uniform,12,2,random-fuzzy-match,2,3,6,64000,random-fuzzy-match,10,3,24,64000
871595,871595,wve,colocate-colocate-uniform,12,2,random-fuzzy-match,2,3,6,64000,random-fuzzy-match,10,3,48,10000
871595,871595,wve,colocate-colocate-uniform,12,2,random-fuzzy-match,2,3,6,64000,random-fuzzy-match,10,3,48,64000
769167,768921,wve,colocate-colocate-uniform,12,2,random-fuzzy-match,2,3,6,64000,random-fuzzy-match,10,3,6,10000
768921,768921,wve,colocate-colocate-uniform,12,2,random-fuzzy-match,2,3,6,64000,random-fuzzy-match,10,3,6,64000
781025,780789,wve,colocate-colocate-uniform,12,2,random-fuzzy-match,2,3,6,64000,random-fuzzy-match,20,3,0,10000
780789,780789,wve,colocate-colocate-uniform,12,2,random-fuzzy-match,2,3,6,64000,random-fuzzy-match,20,3,0,64000
955615,955615,wve,colocate-colocate-uniform,12,2,random-fuzzy-match,2,3,6,64000,random-fuzzy-match,20,3,12,64000
995815,995815,wve,colocate-colocate-uniform,12,2,random-fuzzy-match,2,3,6,64000,random-fuzzy-match,20,3,24,10000
995815,995815,wve,colocate-colocate-uniform,12,2,random-fuzzy-match,2,3,6,64000,random-fuzzy-match,20,3,24,64000
998466,998466,wve,colocate-colocate-uniform,12,2,random-fuzzy-match,2,3,6,64000,random-fuzzy-match,20,3,48,10000
998466,998466,wve,colocate-colocate-uniform,12,2,random-fuzzy-match,2,3,6,64000,random-fuzzy-match,20,3,48,64000
899467,899467,wve,colocate-colocate-uniform,12,2,random-fuzzy-match,2,3,6,64000,random-fuzzy-match,20,3,6,10000
899467,899467,wve,colocate-colocate-uniform,12,2,random-fuzzy-match,2,3,6,64000,random-fuzzy-match,20,3,6,64000
880794,880794,wve,colocate-colocate-uniform,12,2,random-fuzzy-match,2,3,6,64000,random-fuzzy-match,30,3,0,10000
880794,880794,wve,colocate-colocate-uniform,12,2,random-fuzzy-match,2,3,6,64000,random-fuzzy-match,30,3,0,64000
997663,997663,wve,colocate-colocate-uniform,12,2,random-fuzzy-match,2,3,6,64000,random-fuzzy-match,30,3,12,64000
998466,998466,wve,colocate-colocate-uniform,12,2,random-fuzzy-match,2,3,6,64000,random-fuzzy-match,30,3,24,10000
998466,998466,wve,colocate-colocate-uniform,12,2,random-fuzzy-match,2,3,6,64000,random-fuzzy-match,30,3,24,64000
998466,998466,wve,colocate-colocate-uniform,12,2,random-fuzzy-match,2,3,6,64000,random-fuzzy-match,30,3,48,10000
998466,998466,wve,colocate-colocate-uniform,12,2,random-fuzzy-match,2,3,6,64000,random-fuzzy-match,30,3,48,64000
981528,981528,wve,colocate-colocate-uniform,12,2,random-fuzzy-match,2,3,6,64000,random-fuzzy-match,30,3,6,10000
981528,981528,wve,colocate-colocate-uniform,12,2,random-fuzzy-match,2,3,6,64000,random-fuzzy-match,30,3,6,64000
786463,786463,wve,colocate-colocate-uniform,12,2,random-fuzzy-match,2,3,6,64000,exact-match,20,3,0,64000
885947,885947,wve,colocate-colocate-uniform,12,2,random-fuzzy-match,2,3,6,64000,exact-match,30,3,0,10000
885947,885947,wve,colocate-colocate-uniform,12,2,random-fuzzy-match,2,3,6,64000,exact-match,30,3,0,64000
701958,697094,wve,colocate-colocate-uniform,12,2,random-fuzzy-match,2,3,6,64000,random-fuzzy-match,10,3,0,10000
697094,697094,wve,colocate-colocate-uniform,12,2,random-fuzzy-match,2,3,6,64000,random-fuzzy-match,10,3,0,64000
764084,764084,wve,colocate-colocate-uniform,24,0,random-fuzzy-match,2,3,6,64000,random-fuzzy-match,10,3,6,64000
773619,773303,wve,colocate-colocate-uniform,24,0,random-fuzzy-match,2,3,6,64000,random-fuzzy-match,20,3,0,10000
773303,773303,wve,colocate-colocate-uniform,24,0,random-fuzzy-match,2,3,6,64000,random-fuzzy-match,20,3,0,64000
953090,953090,wve,colocate-colocate-uniform,24,0,random-fuzzy-match,2,3,6,64000,random-fuzzy-match,20,3,12,10000
876755,876755,wve,colocate-colocate-uniform,24,0,random-fuzzy-match,2,3,6,64000,random-fuzzy-match,30,3,0,64000
997606,997606,wve,colocate-colocate-uniform,24,0,random-fuzzy-match,2,3,6,64000,random-fuzzy-match,30,3,12,10000
997606,997606,wve,colocate-colocate-uniform,24,0,random-fuzzy-match,2,3,6,64000,random-fuzzy-match,30,3,12,64000
998500,998500,wve,colocate-colocate-uniform,24,0,random-fuzzy-match,2,3,6,64000,random-fuzzy-match,30,3,24,10000
998500,998500,wve,colocate-colocate-uniform,24,0,random-fuzzy-match,2,3,6,64000,random-fuzzy-match,30,3,24,64000
998500,998500,wve,colocate-colocate-uniform,24,0,random-fuzzy-match,2,3,6,64000,random-fuzzy-match,30,3,48,10000
998500,998500,wve,colocate-colocate-uniform,24,0,random-fuzzy-match,2,3,6,64000,random-fuzzy-match,30,3,48,64000
980972,980972,wve,colocate-colocate-uniform,24,0,random-fuzzy-match,2,3,6,64000,random-fuzzy-match,30,3,6,10000
882052,882052,wve,colocate-colocate-uniform,24,0,random-fuzzy-match,2,3,6,64000,exact-match,30,3,0,10000
764496,764084,wve,colocate-colocate-uniform,24,0,random-fuzzy-match,2,3,6,64000,random-fuzzy-match,10,3,6,10000
953090,953090,wve,colocate-colocate-uniform,24,0,random-fuzzy-match,2,3,6,64000,random-fuzzy-match,20,3,12,64000
876755,876755,wve,colocate-colocate-uniform,24,0,random-fuzzy-match,2,3,6,64000,random-fuzzy-match,30,3,0,10000
980972,980972,wve,colocate-colocate-uniform,24,0,random-fuzzy-match,2,3,6,64000,random-fuzzy-match,30,3,6,64000
882052,882052,wve,colocate-colocate-uniform,24,0,random-fuzzy-match,2,3,6,64000,exact-match,30,3,0,64000
706674,699724,wve,colocate-colocate-uniform,24,0,random-fuzzy-match,2,3,6,64000,random-fuzzy-match,10,3,0,10000
699724,699724,wve,colocate-colocate-uniform,24,0,random-fuzzy-match,2,3,6,64000,random-fuzzy-match,10,3,0,64000
810639,810597,wve,colocate-colocate-uniform,24,0,random-fuzzy-match,2,3,6,64000,random-fuzzy-match,10,3,12,10000
810597,810597,wve,colocate-colocate-uniform,24,0,random-fuzzy-match,2,3,6,64000,random-fuzzy-match,10,3,12,64000
847187,847186,wve,colocate-colocate-uniform,24,0,random-fuzzy-match,2,3,6,64000,random-fuzzy-match,10,3,24,10000
847186,847186,wve,colocate-colocate-uniform,24,0,random-fuzzy-match,2,3,6,64000,random-fuzzy-match,10,3,24,64000
866427,866427,wve,colocate-colocate-uniform,24,0,random-fuzzy-match,2,3,6,64000,random-fuzzy-match,10,3,48,10000
866427,866427,wve,colocate-colocate-uniform,24,0,random-fuzzy-match,2,3,6,64000,random-fuzzy-match,10,3,48,64000
995840,995840,wve,colocate-colocate-uniform,24,0,random-fuzzy-match,2,3,6,64000,random-fuzzy-match,20,3,24,10000
995840,995840,wve,colocate-colocate-uniform,24,0,random-fuzzy-match,2,3,6,64000,random-fuzzy-match,20,3,24,64000
998500,998500,wve,colocate-colocate-uniform,24,0,random-fuzzy-match,2,3,6,64000,random-fuzzy-match,20,3,48,10000
998500,998500,wve,colocate-colocate-uniform,24,0,random-fuzzy-match,2,3,6,64000,random-fuzzy-match,20,3,48,64000
892471,892471,wve,colocate-colocate-uniform,24,0,random-fuzzy-match,2,3,6,64000,random-fuzzy-match,20,3,6,10000
892471,892471,wve,colocate-colocate-uniform,24,0,random-fuzzy-match,2,3,6,64000,random-fuzzy-match,20,3,6,64000
894852,894852,wve,colocate-colocate-uniform,24,1,random-fuzzy-match,2,3,6,64000,random-fuzzy-match,10,3,24,64000
912520,912520,wve,colocate-colocate-uniform,24,1,random-fuzzy-match,2,3,6,64000,random-fuzzy-match,10,3,48,10000
912520,912520,wve,colocate-colocate-uniform,24,1,random-fuzzy-match,2,3,6,64000,random-fuzzy-match,10,3,48,64000
808252,808228,wve,colocate-colocate-uniform,24,1,random-fuzzy-match,2,3,6,64000,random-fuzzy-match,10,3,6,10000
808228,808228,wve,colocate-colocate-uniform,24,1,random-fuzzy-match,2,3,6,64000,random-fuzzy-match,10,3,6,64000
821238,821210,wve,colocate-colocate-uniform,24,1,random-fuzzy-match,2,3,6,64000,random-fuzzy-match,20,3,0,10000
821210,821210,wve,colocate-colocate-uniform,24,1,random-fuzzy-match,2,3,6,64000,random-fuzzy-match,20,3,0,64000
975540,975540,wve,colocate-colocate-uniform,24,1,random-fuzzy-match,2,3,6,64000,random-fuzzy-match,20,3,12,10000
975540,975540,wve,colocate-colocate-uniform,24,1,random-fuzzy-match,2,3,6,64000,random-fuzzy-match,20,3,12,64000
997945,997945,wve,colocate-colocate-uniform,24,1,random-fuzzy-match,2,3,6,64000,random-fuzzy-match,20,3,24,64000
998550,998550,wve,colocate-colocate-uniform,24,1,random-fuzzy-match,2,3,6,64000,random-fuzzy-match,20,3,48,10000
998550,998550,wve,colocate-colocate-uniform,24,1,random-fuzzy-match,2,3,6,64000,random-fuzzy-match,20,3,48,64000
931315,931315,wve,colocate-colocate-uniform,24,1,random-fuzzy-match,2,3,6,64000,random-fuzzy-match,20,3,6,10000
931315,931315,wve,colocate-colocate-uniform,24,1,random-fuzzy-match,2,3,6,64000,random-fuzzy-match,20,3,6,64000
920706,920706,wve,colocate-colocate-uniform,24,1,random-fuzzy-match,2,3,6,64000,random-fuzzy-match,30,3,0,10000
920706,920706,wve,colocate-colocate-uniform,24,1,random-fuzzy-match,2,3,6,64000,random-fuzzy-match,30,3,0,64000
998261,998261,wve,colocate-colocate-uniform,24,1,random-fuzzy-match,2,3,6,64000,random-fuzzy-match,30,3,12,64000
998550,998550,wve,colocate-colocate-uniform,24,1,random-fuzzy-match,2,3,6,64000,random-fuzzy-match,30,3,24,10000
998550,998550,wve,colocate-colocate-uniform,24,1,random-fuzzy-match,2,3,6,64000,random-fuzzy-match,30,3,24,64000
998550,998550,wve,colocate-colocate-uniform,24,1,random-fuzzy-match,2,3,6,64000,random-fuzzy-match,30,3,48,10000
998550,998550,wve,colocate-colocate-uniform,24,1,random-fuzzy-match,2,3,6,64000,random-fuzzy-match,30,3,48,64000
990665,990665,wve,colocate-colocate-uniform,24,1,random-fuzzy-match,2,3,6,64000,random-fuzzy-match,30,3,6,10000
990665,990665,wve,colocate-colocate-uniform,24,1,random-fuzzy-match,2,3,6,64000,random-fuzzy-match,30,3,6,64000
924572,924572,wve,colocate-colocate-uniform,24,1,random-fuzzy-match,2,3,6,64000,exact-match,30,3,0,64000
740036,739471,wve,colocate-colocate-uniform,24,1,random-fuzzy-match,2,3,6,64000,random-fuzzy-match,10,3,0,10000
739471,739471,wve,colocate-colocate-uniform,24,1,random-fuzzy-match,2,3,6,64000,random-fuzzy-match,10,3,0,64000
858635,858635,wve,colocate-colocate-uniform,24,1,random-fuzzy-match,2,3,6,64000,random-fuzzy-match,10,3,12,10000
858635,858635,wve,colocate-colocate-uniform,24,1,random-fuzzy-match,2,3,6,64000,random-fuzzy-match,10,3,12,64000
697086,697086,wve,colocate-colocate-uniform,24,2,random-fuzzy-match,2,3,6,64000,random-fuzzy-match,10,3,0,64000
821059,821047,wve,colocate-colocate-uniform,24,2,random-fuzzy-match,2,3,6,64000,random-fuzzy-match,10,3,12,10000
821047,821047,wve,colocate-colocate-uniform,24,2,random-fuzzy-match,2,3,6,64000,random-fuzzy-match,10,3,12,64000
860859,860857,wve,colocate-colocate-uniform,24,2,random-fuzzy-match,2,3,6,64000,random-fuzzy-match,10,3,24,10000
860857,860857,wve,colocate-colocate-uniform,24,2,random-fuzzy-match,2,3,6,64000,random-fuzzy-match,10,3,24,64000
878152,878152,wve,colocate-colocate-uniform,24,2,random-fuzzy-match,2,3,6,64000,random-fuzzy-match,10,3,48,10000
878152,878152,wve,colocate-colocate-uniform,24,2,random-fuzzy-match,2,3,6,64000,random-fuzzy-match,10,3,48,64000
770892,770650,wve,colocate-colocate-uniform,24,2,random-fuzzy-match,2,3,6,64000,random-fuzzy-match,10,3,6,10000
770650,770650,wve,colocate-colocate-uniform,24,2,random-fuzzy-match,2,3,6,64000,random-fuzzy-match,10,3,6,64000
788011,788011,wve,colocate-colocate-uniform,24,2,random-fuzzy-match,2,3,6,64000,random-fuzzy-match,20,3,0,64000
959767,959767,wve,colocate-colocate-uniform,24,2,random-fuzzy-match,2,3,6,64000,random-fuzzy-match,20,3,12,10000
959767,959767,wve,colocate-colocate-uniform,24,2,random-fuzzy-match,2,3,6,64000,random-fuzzy-match,20,3,12,64000
996584,996584,wve,colocate-colocate-uniform,24,2,random-fuzzy-match,2,3,6,64000,random-fuzzy-match,20,3,24,10000
996584,996584,wve,colocate-colocate-uniform,24,2,random-fuzzy-match,2,3,6,64000,random-fuzzy-match,20,3,24,64000
998466,998466,wve,colocate-colocate-uniform,24,2,random-fuzzy-match,2,3,6,64000,random-fuzzy-match,20,3,48,10000
998466,998466,wve,colocate-colocate-uniform,24,2,random-fuzzy-match,2,3,6,64000,random-fuzzy-match,20,3,48,64000
904182,904182,wve,colocate-colocate-uniform,24,2,random-fuzzy-match,2,3,6,64000,random-fuzzy-match,20,3,6,10000
904182,904182,wve,colocate-colocate-uniform,24,2,random-fuzzy-match,2,3,6,64000,random-fuzzy-match,20,3,6,64000
887729,887729,wve,colocate-colocate-uniform,24,2,random-fuzzy-match,2,3,6,64000,random-fuzzy-match,30,3,0,64000
997930,997930,wve,colocate-colocate-uniform,24,2,random-fuzzy-match,2,3,6,64000,random-fuzzy-match,30,3,12,10000
997930,997930,wve,colocate-colocate-uniform,24,2,random-fuzzy-match,2,3,6,64000,random-fuzzy-match,30,3,12,64000
998466,998466,wve,colocate-colocate-uniform,24,2,random-fuzzy-match,2,3,6,64000,random-fuzzy-match,30,3,24,10000
998466,998466,wve,colocate-colocate-uniform,24,2,random-fuzzy-match,2,3,6,64000,random-fuzzy-match,30,3,48,10000
998466,998466,wve,colocate-colocate-uniform,24,2,random-fuzzy-match,2,3,6,64000,random-fuzzy-match,30,3,48,64000
983565,983565,wve,colocate-colocate-uniform,24,2,random-fuzzy-match,2,3,6,64000,random-fuzzy-match,30,3,6,10000
983565,983565,wve,colocate-colocate-uniform,24,2,random-fuzzy-match,2,3,6,64000,random-fuzzy-match,30,3,6,64000
809034,809034,wve,colocate-colocate-uniform,48,0,random-fuzzy-match,2,3,6,64000,random-fuzzy-match,10,3,12,64000
842651,842631,wve,colocate-colocate-uniform,48,0,random-fuzzy-match,2,3,6,64000,random-fuzzy-match,10,3,24,10000
842631,842631,wve,colocate-colocate-uniform,48,0,random-fuzzy-match,2,3,6,64000,random-fuzzy-match,10,3,24,64000
859303,859291,wve,colocate-colocate-uniform,48,0,random-fuzzy-match,2,3,6,64000,random-fuzzy-match,10,3,48,10000
859291,859291,wve,colocate-colocate-uniform,48,0,random-fuzzy-match,2,3,6,64000,random-fuzzy-match,10,3,48,64000
764771,763915,wve,colocate-colocate-uniform,48,0,random-fuzzy-match,2,3,6,64000,random-fuzzy-match,10,3,6,10000
763915,763915,wve,colocate-colocate-uniform,48,0,random-fuzzy-match,2,3,6,64000,random-fuzzy-match,10,3,6,64000
772648,772153,wve,colocate-colocate-uniform,48,0,random-fuzzy-match,2,3,6,64000,random-fuzzy-match,20,3,0,10000
772153,772153,wve,colocate-colocate-uniform,48,0,random-fuzzy-match,2,3,6,64000,random-fuzzy-match,20,3,0,64000
950110,950110,wve,colocate-colocate-uniform,48,0,random-fuzzy-match,2,3,6,64000,random-fuzzy-match,20,3,12,64000
995278,995278,wve,colocate-colocate-uniform,48,0,random-fuzzy-match,2,3,6,64000,random-fuzzy-match,20,3,24,10000
995278,995278,wve,colocate-colocate-uniform,48,0,random-fuzzy-match,2,3,6,64000,random-fuzzy-match,20,3,24,64000
998216,998216,wve,colocate-colocate-uniform,48,0,random-fuzzy-match,2,3,6,64000,random-fuzzy-match,20,3,48,10000
998216,998216,wve,colocate-colocate-uniform,48,0,random-fuzzy-match,2,3,6,64000,random-fuzzy-match,20,3,48,64000
889188,889188,wve,colocate-colocate-uniform,48,0,random-fuzzy-match,2,3,6,64000,random-fuzzy-match,20,3,6,10000
889188,889188,wve,colocate-colocate-uniform,48,0,random-fuzzy-match,2,3,6,64000,random-fuzzy-match,20,3,6,64000
869463,869458,wve,colocate-colocate-uniform,48,0,random-fuzzy-match,2,3,6,64000,random-fuzzy-match,30,3,0,10000
869458,869458,wve,colocate-colocate-uniform,48,0,random-fuzzy-match,2,3,6,64000,random-fuzzy-match,30,3,0,64000
778336,777716,wve,colocate-colocate-uniform,48,0,random-fuzzy-match,2,3,6,64000,exact-match,20,3,0,10000
809216,809034,wve,colocate-colocate-uniform,48,0,random-fuzzy-match,2,3,6,64000,random-fuzzy-match,10,3,12,10000
950110,950110,wve,colocate-colocate-uniform,48,0,random-fuzzy-match,2,3,6,64000,random-fuzzy-match,20,3,12,10000
996696,996696,wve,colocate-colocate-uniform,48,0,random-fuzzy-match,2,3,6,64000,random-fuzzy-match,30,3,12,10000
996696,996696,wve,colocate-colocate-uniform,48,0,random-fuzzy-match,2,3,6,64000,random-fuzzy-match,30,3,12,64000
998458,998458,wve,colocate-colocate-uniform,48,0,random-fuzzy-match,2,3,6,64000,random-fuzzy-match,30,3,24,10000
998458,998458,wve,colocate-colocate-uniform,48,0,random-fuzzy-match,2,3,6,64000,random-fuzzy-match,30,3,24,64000
998500,998500,wve,colocate-colocate-uniform,48,0,random-fuzzy-match,2,3,6,64000,random-fuzzy-match,30,3,48,10000
998500,998500,wve,colocate-colocate-uniform,48,0,random-fuzzy-match,2,3,6,64000,random-fuzzy-match,30,3,48,64000
978715,978715,wve,colocate-colocate-uniform,48,0,random-fuzzy-match,2,3,6,64000,random-fuzzy-match,30,3,6,10000
978715,978715,wve,colocate-colocate-uniform,48,0,random-fuzzy-match,2,3,6,64000,random-fuzzy-match,30,3,6,64000
777716,777716,wve,colocate-colocate-uniform,48,0,random-fuzzy-match,2,3,6,64000,exact-match,20,3,0,64000
875174,875174,wve,colocate-colocate-uniform,48,0,random-fuzzy-match,2,3,6,64000,exact-match,30,3,0,10000
875174,875174,wve,colocate-colocate-uniform,48,0,random-fuzzy-match,2,3,6,64000,exact-match,30,3,0,64000
712922,700897,wve,colocate-colocate-uniform,48,0,random-fuzzy-match,2,3,6,64000,random-fuzzy-match,10,3,0,10000
700897,700897,wve,colocate-colocate-uniform,48,0,random-fuzzy-match,2,3,6,64000,random-fuzzy-match,10,3,0,64000
809506,809506,wve,colocate-colocate-uniform,48,1,random-fuzzy-match,2,3,6,64000,random-fuzzy-match,10,3,6,64000
823115,823077,wve,colocate-colocate-uniform,48,1,random-fuzzy-match,2,3,6,64000,random-fuzzy-match,20,3,0,10000
823077,823077,wve,colocate-colocate-uniform,48,1,random-fuzzy-match,2,3,6,64000,random-fuzzy-match,20,3,0,64000
977194,977194,wve,colocate-colocate-uniform,48,1,random-fuzzy-match,2,3,6,64000,random-fuzzy-match,20,3,12,10000
919719,919719,wve,colocate-colocate-uniform,48,1,random-fuzzy-match,2,3,6,64000,random-fuzzy-match,30,3,0,64000
998340,998340,wve,colocate-colocate-uniform,48,1,random-fuzzy-match,2,3,6,64000,random-fuzzy-match,30,3,12,10000
998340,998340,wve,colocate-colocate-uniform,48,1,random-fuzzy-match,2,3,6,64000,random-fuzzy-match,30,3,12,64000
998550,998550,wve,colocate-colocate-uniform,48,1,random-fuzzy-match,2,3,6,64000,random-fuzzy-match,30,3,24,10000
998550,998550,wve,colocate-colocate-uniform,48,1,random-fuzzy-match,2,3,6,64000,random-fuzzy-match,30,3,24,64000
998550,998550,wve,colocate-colocate-uniform,48,1,random-fuzzy-match,2,3,6,64000,random-fuzzy-match,30,3,48,10000
998550,998550,wve,colocate-colocate-uniform,48,1,random-fuzzy-match,2,3,6,64000,random-fuzzy-match,30,3,48,64000
991483,991483,wve,colocate-colocate-uniform,48,1,random-fuzzy-match,2,3,6,64000,random-fuzzy-match,30,3,6,10000
923518,923518,wve,colocate-colocate-uniform,48,1,random-fuzzy-match,2,3,6,64000,exact-match,30,3,0,64000
745537,741549,wve,colocate-colocate-uniform,48,1,random-fuzzy-match,2,3,6,64000,random-fuzzy-match,10,3,0,10000
741549,741549,wve,colocate-colocate-uniform,48,1,random-fuzzy-match,2,3,6,64000,random-fuzzy-match,10,3,0,64000
859780,859780,wve,colocate-colocate-uniform,48,1,random-fuzzy-match,2,3,6,64000,random-fuzzy-match,10,3,12,10000
859780,859780,wve,colocate-colocate-uniform,48,1,random-fuzzy-match,2,3,6,64000,random-fuzzy-match,10,3,12,64000
895206,895206,wve,colocate-colocate-uniform,48,1,random-fuzzy-match,2,3,6,64000,random-fuzzy-match,10,3,24,10000
895206,895206,wve,colocate-colocate-uniform,48,1,random-fuzzy-match,2,3,6,64000,random-fuzzy-match,10,3,24,64000
912026,912026,wve,colocate-colocate-uniform,48,1,random-fuzzy-match,2,3,6,64000,random-fuzzy-match,10,3,48,10000
912026,912026,wve,colocate-colocate-uniform,48,1,random-fuzzy-match,2,3,6,64000,random-fuzzy-match,10,3,48,64000
997675,997675,wve,colocate-colocate-uniform,48,1,random-fuzzy-match,2,3,6,64000,random-fuzzy-match,20,3,24,10000
997675,997675,wve,colocate-colocate-uniform,48,1,random-fuzzy-match,2,3,6,64000,random-fuzzy-match,20,3,24,64000
998550,998550,wve,colocate-colocate-uniform,48,1,random-fuzzy-match,2,3,6,64000,random-fuzzy-match,20,3,48,10000
998550,998550,wve,colocate-colocate-uniform,48,1,random-fuzzy-match,2,3,6,64000,random-fuzzy-match,20,3,48,64000
931424,931424,wve,colocate-colocate-uniform,48,1,random-fuzzy-match,2,3,6,64000,random-fuzzy-match,20,3,6,10000
931424,931424,wve,colocate-colocate-uniform,48,1,random-fuzzy-match,2,3,6,64000,random-fuzzy-match,20,3,6,64000
991483,991483,wve,colocate-colocate-uniform,48,1,random-fuzzy-match,2,3,6,64000,random-fuzzy-match,30,3,6,64000
885800,885800,wve,colocate-colocate-uniform,48,2,random-fuzzy-match,2,3,6,64000,exact-match,30,3,0,10000
854609,854609,wve,colocate-colocate-uniform,48,2,random-fuzzy-match,2,3,6,64000,random-fuzzy-match,10,3,24,10000
996446,996446,wve,colocate-colocate-uniform,48,2,random-fuzzy-match,2,3,6,64000,random-fuzzy-match,20,3,24,10000
997698,997698,wve,colocate-colocate-uniform,48,2,random-fuzzy-match,2,3,6,64000,random-fuzzy-match,30,3,12,10000
919719,919719,wve,colocate-colocate-uniform,48,1,random-fuzzy-match,2,3,6,64000,random-fuzzy-match,30,3,0,10000
807987,807266,wve,colocate-uniform,uniform,1,random-fuzzy-match,2,3,6,64000,random-fuzzy-match,30,3,0,10000
854609,854609,wve,colocate-colocate-uniform,48,2,random-fuzzy-match,2,3,6,64000,random-fuzzy-match,10,3,24,64000
870879,870879,wve,colocate-colocate-uniform,48,2,random-fuzzy-match,2,3,6,64000,random-fuzzy-match,10,3,48,10000
870879,870879,wve,colocate-colocate-uniform,48,2,random-fuzzy-match,2,3,6,64000,random-fuzzy-match,10,3,48,64000
770241,770026,wve,colocate-colocate-uniform,48,2,random-fuzzy-match,2,3,6,64000,random-fuzzy-match,10,3,6,10000
770026,770026,wve,colocate-colocate-uniform,48,2,random-fuzzy-match,2,3,6,64000,random-fuzzy-match,10,3,6,64000
782239,782102,wve,colocate-colocate-uniform,48,2,random-fuzzy-match,2,3,6,64000,random-fuzzy-match,20,3,0,10000
782102,782102,wve,colocate-colocate-uniform,48,2,random-fuzzy-match,2,3,6,64000,random-fuzzy-match,20,3,0,64000
955647,955647,wve,colocate-colocate-uniform,48,2,random-fuzzy-match,2,3,6,64000,random-fuzzy-match,20,3,12,10000
955647,955647,wve,colocate-colocate-uniform,48,2,random-fuzzy-match,2,3,6,64000,random-fuzzy-match,20,3,12,64000
996446,996446,wve,colocate-colocate-uniform,48,2,random-fuzzy-match,2,3,6,64000,random-fuzzy-match,20,3,24,64000
998466,998466,wve,colocate-colocate-uniform,48,2,random-fuzzy-match,2,3,6,64000,random-fuzzy-match,20,3,48,10000
998466,998466,wve,colocate-colocate-uniform,48,2,random-fuzzy-match,2,3,6,64000,random-fuzzy-match,20,3,48,64000
899105,899105,wve,colocate-colocate-uniform,48,2,random-fuzzy-match,2,3,6,64000,random-fuzzy-match,20,3,6,10000
899105,899105,wve,colocate-colocate-uniform,48,2,random-fuzzy-match,2,3,6,64000,random-fuzzy-match,20,3,6,64000
880818,880818,wve,colocate-colocate-uniform,48,2,random-fuzzy-match,2,3,6,64000,random-fuzzy-match,30,3,0,10000
880818,880818,wve,colocate-colocate-uniform,48,2,random-fuzzy-match,2,3,6,64000,random-fuzzy-match,30,3,0,64000
997698,997698,wve,colocate-colocate-uniform,48,2,random-fuzzy-match,2,3,6,64000,random-fuzzy-match,30,3,12,64000
998466,998466,wve,colocate-colocate-uniform,48,2,random-fuzzy-match,2,3,6,64000,random-fuzzy-match,30,3,24,10000
998466,998466,wve,colocate-colocate-uniform,48,2,random-fuzzy-match,2,3,6,64000,random-fuzzy-match,30,3,24,64000
998466,998466,wve,colocate-colocate-uniform,48,2,random-fuzzy-match,2,3,6,64000,random-fuzzy-match,30,3,48,10000
998466,998466,wve,colocate-colocate-uniform,48,2,random-fuzzy-match,2,3,6,64000,random-fuzzy-match,30,3,48,64000
981484,981484,wve,colocate-colocate-uniform,48,2,random-fuzzy-match,2,3,6,64000,random-fuzzy-match,30,3,6,10000
981484,981484,wve,colocate-colocate-uniform,48,2,random-fuzzy-match,2,3,6,64000,random-fuzzy-match,30,3,6,64000
885800,885800,wve,colocate-colocate-uniform,48,2,random-fuzzy-match,2,3,6,64000,exact-match,30,3,0,64000
702170,698011,wve,colocate-colocate-uniform,48,2,random-fuzzy-match,2,3,6,64000,random-fuzzy-match,10,3,0,10000
698011,698011,wve,colocate-colocate-uniform,48,2,random-fuzzy-match,2,3,6,64000,random-fuzzy-match,10,3,0,64000
817866,817845,wve,colocate-colocate-uniform,48,2,random-fuzzy-match,2,3,6,64000,random-fuzzy-match,10,3,12,10000
817845,817845,wve,colocate-colocate-uniform,48,2,random-fuzzy-match,2,3,6,64000,random-fuzzy-match,10,3,12,64000
745482,745482,wve,colocate-uniform,uniform,0,random-fuzzy-match,2,3,6,64000,random-fuzzy-match,10,3,12,64000
777408,749533,wve,colocate-uniform,uniform,0,random-fuzzy-match,2,3,6,64000,random-fuzzy-match,10,3,24,10000
749533,749533,wve,colocate-uniform,uniform,0,random-fuzzy-match,2,3,6,64000,random-fuzzy-match,10,3,24,64000
777057,749552,wve,colocate-uniform,uniform,0,random-fuzzy-match,2,3,6,64000,random-fuzzy-match,10,3,48,10000
749552,749552,wve,colocate-uniform,uniform,0,random-fuzzy-match,2,3,6,64000,random-fuzzy-match,10,3,48,64000
885470,885470,wve,colocate-uniform,uniform,0,random-fuzzy-match,2,3,6,64000,random-fuzzy-match,20,3,48,64000
819492,819387,wve,colocate-uniform,uniform,0,random-fuzzy-match,2,3,6,64000,random-fuzzy-match,20,3,6,10000
819387,819387,wve,colocate-uniform,uniform,0,random-fuzzy-match,2,3,6,64000,random-fuzzy-match,20,3,6,64000
777716,759063,wve,colocate-uniform,uniform,0,random-fuzzy-match,2,3,6,64000,random-fuzzy-match,30,3,0,10000
759063,759063,wve,colocate-uniform,uniform,0,random-fuzzy-match,2,3,6,64000,random-fuzzy-match,30,3,0,64000
947968,947968,wve,colocate-uniform,uniform,0,random-fuzzy-match,2,3,6,64000,random-fuzzy-match,30,3,12,10000
947968,947968,wve,colocate-uniform,uniform,0,random-fuzzy-match,2,3,6,64000,random-fuzzy-match,30,3,12,64000
966331,966331,wve,colocate-uniform,uniform,0,random-fuzzy-match,2,3,6,64000,random-fuzzy-match,30,3,24,10000
966331,966331,wve,colocate-uniform,uniform,0,random-fuzzy-match,2,3,6,64000,random-fuzzy-match,30,3,24,64000
732173,732173,wve,colocate-uniform,uniform,0,random-fuzzy-match,2,3,6,64000,random-fuzzy-match,10,3,6,64000
764843,700040,wve,colocate-uniform,uniform,0,random-fuzzy-match,2,3,6,64000,random-fuzzy-match,20,3,0,10000
700040,700040,wve,colocate-uniform,uniform,0,random-fuzzy-match,2,3,6,64000,random-fuzzy-match,20,3,0,64000
862401,862401,wve,colocate-uniform,uniform,0,random-fuzzy-match,2,3,6,64000,random-fuzzy-match,20,3,12,10000
862401,862401,wve,colocate-uniform,uniform,0,random-fuzzy-match,2,3,6,64000,random-fuzzy-match,20,3,12,64000
881233,881233,wve,colocate-uniform,uniform,0,random-fuzzy-match,2,3,6,64000,random-fuzzy-match,20,3,24,10000
881233,881233,wve,colocate-uniform,uniform,0,random-fuzzy-match,2,3,6,64000,random-fuzzy-match,20,3,24,64000
821451,821331,wve,colocate-uniform,uniform,1,random-fuzzy-match,2,3,6,64000,exact-match,30,3,0,10000
799590,797844,wve,colocate-uniform,uniform,1,random-fuzzy-match,2,3,6,64000,random-fuzzy-match,10,3,24,10000
924766,924766,wve,colocate-uniform,uniform,1,random-fuzzy-match,2,3,6,64000,random-fuzzy-match,20,3,24,10000
969154,969154,wve,colocate-uniform,uniform,0,random-fuzzy-match,2,3,6,64000,random-fuzzy-match,30,3,48,64000
879878,879878,wve,colocate-uniform,uniform,0,random-fuzzy-match,2,3,6,64000,random-fuzzy-match,30,3,6,10000
879878,879878,wve,colocate-uniform,uniform,0,random-fuzzy-match,2,3,6,64000,random-fuzzy-match,30,3,6,64000
712520,712520,wve,colocate-uniform,uniform,0,random-fuzzy-match,2,3,6,64000,exact-match,20,3,0,64000
780407,774270,wve,colocate-uniform,uniform,0,random-fuzzy-match,2,3,6,64000,exact-match,30,3,0,10000
774270,774270,wve,colocate-uniform,uniform,0,random-fuzzy-match,2,3,6,64000,exact-match,30,3,0,64000
721413,507306,wve,colocate-uniform,uniform,0,random-fuzzy-match,2,3,6,64000,random-fuzzy-match,10,3,0,10000
507306,507306,wve,colocate-uniform,uniform,0,random-fuzzy-match,2,3,6,64000,random-fuzzy-match,10,3,0,64000
665766,554880,wve,colocate-uniform,uniform,1,random-fuzzy-match,2,3,6,64000,exact-match,10,3,0,10000
554880,554880,wve,colocate-uniform,uniform,1,random-fuzzy-match,2,3,6,64000,exact-match,10,3,0,64000
768834,754371,wve,colocate-uniform,uniform,1,random-fuzzy-match,2,3,6,64000,exact-match,20,3,0,10000
754371,754371,wve,colocate-uniform,uniform,1,random-fuzzy-match,2,3,6,64000,exact-match,20,3,0,64000
797844,797844,wve,colocate-uniform,uniform,1,random-fuzzy-match,2,3,6,64000,random-fuzzy-match,10,3,24,64000
799446,797866,wve,colocate-uniform,uniform,1,random-fuzzy-match,2,3,6,64000,random-fuzzy-match,10,3,48,10000
797866,797866,wve,colocate-uniform,uniform,1,random-fuzzy-match,2,3,6,64000,random-fuzzy-match,10,3,48,64000
782187,775707,wve,colocate-uniform,uniform,1,random-fuzzy-match,2,3,6,64000,random-fuzzy-match,10,3,6,10000
775707,775707,wve,colocate-uniform,uniform,1,random-fuzzy-match,2,3,6,64000,random-fuzzy-match,10,3,6,64000
768850,741194,wve,colocate-uniform,uniform,1,random-fuzzy-match,2,3,6,64000,random-fuzzy-match,20,3,0,10000
741194,741194,wve,colocate-uniform,uniform,1,random-fuzzy-match,2,3,6,64000,random-fuzzy-match,20,3,0,64000
907313,907313,wve,colocate-uniform,uniform,1,random-fuzzy-match,2,3,6,64000,random-fuzzy-match,20,3,12,10000
907313,907313,wve,colocate-uniform,uniform,1,random-fuzzy-match,2,3,6,64000,random-fuzzy-match,20,3,12,64000
924766,924766,wve,colocate-uniform,uniform,1,random-fuzzy-match,2,3,6,64000,random-fuzzy-match,20,3,24,64000
929739,929739,wve,colocate-uniform,uniform,1,random-fuzzy-match,2,3,6,64000,random-fuzzy-match,20,3,48,10000
929739,929739,wve,colocate-uniform,uniform,1,random-fuzzy-match,2,3,6,64000,random-fuzzy-match,20,3,48,64000
862977,862977,wve,colocate-uniform,uniform,1,random-fuzzy-match,2,3,6,64000,random-fuzzy-match,20,3,6,10000
862977,862977,wve,colocate-uniform,uniform,1,random-fuzzy-match,2,3,6,64000,random-fuzzy-match,20,3,6,64000
807266,807266,wve,colocate-uniform,uniform,1,random-fuzzy-match,2,3,6,64000,random-fuzzy-match,30,3,0,64000
970162,970162,wve,colocate-uniform,uniform,1,random-fuzzy-match,2,3,6,64000,random-fuzzy-match,30,3,12,10000
970162,970162,wve,colocate-uniform,uniform,1,random-fuzzy-match,2,3,6,64000,random-fuzzy-match,30,3,12,64000
985350,985350,wve,colocate-uniform,uniform,1,random-fuzzy-match,2,3,6,64000,random-fuzzy-match,30,3,24,10000
985350,985350,wve,colocate-uniform,uniform,1,random-fuzzy-match,2,3,6,64000,random-fuzzy-match,30,3,24,64000
987502,987502,wve,colocate-uniform,uniform,1,random-fuzzy-match,2,3,6,64000,random-fuzzy-match,30,3,48,10000
987502,987502,wve,colocate-uniform,uniform,1,random-fuzzy-match,2,3,6,64000,random-fuzzy-match,30,3,48,64000
918921,918921,wve,colocate-uniform,uniform,1,random-fuzzy-match,2,3,6,64000,random-fuzzy-match,30,3,6,10000
918921,918921,wve,colocate-uniform,uniform,1,random-fuzzy-match,2,3,6,64000,random-fuzzy-match,30,3,6,64000
821331,821331,wve,colocate-uniform,uniform,1,random-fuzzy-match,2,3,6,64000,exact-match,30,3,0,64000
666435,533514,wve,colocate-uniform,uniform,1,random-fuzzy-match,2,3,6,64000,random-fuzzy-match,10,3,0,10000
533514,533514,wve,colocate-uniform,uniform,1,random-fuzzy-match,2,3,6,64000,random-fuzzy-match,10,3,0,64000
794657,792081,wve,colocate-uniform,uniform,1,random-fuzzy-match,2,3,6,64000,random-fuzzy-match,10,3,12,10000
792081,792081,wve,colocate-uniform,uniform,1,random-fuzzy-match,2,3,6,64000,random-fuzzy-match,10,3,12,64000
751534,751534,wve,colocate-uniform,uniform,2,random-fuzzy-match,2,3,6,64000,random-fuzzy-match,10,3,12,64000
768258,757016,wve,colocate-uniform,uniform,2,random-fuzzy-match,2,3,6,64000,random-fuzzy-match,10,3,24,10000
757016,757016,wve,colocate-uniform,uniform,2,random-fuzzy-match,2,3,6,64000,random-fuzzy-match,10,3,24,64000
767941,757046,wve,colocate-uniform,uniform,2,random-fuzzy-match,2,3,6,64000,random-fuzzy-match,10,3,48,10000
757046,757046,wve,colocate-uniform,uniform,2,random-fuzzy-match,2,3,6,64000,random-fuzzy-match,10,3,48,64000
753068,735219,wve,colocate-uniform,uniform,2,random-fuzzy-match,2,3,6,64000,random-fuzzy-match,10,3,6,10000
735219,735219,wve,colocate-uniform,uniform,2,random-fuzzy-match,2,3,6,64000,random-fuzzy-match,10,3,6,64000
750025,700077,wve,colocate-uniform,uniform,2,random-fuzzy-match,2,3,6,64000,random-fuzzy-match,20,3,0,10000
700077,700077,wve,colocate-uniform,uniform,2,random-fuzzy-match,2,3,6,64000,random-fuzzy-match,20,3,0,64000
764169,751534,wve,colocate-uniform,uniform,2,random-fuzzy-match,2,3,6,64000,random-fuzzy-match,10,3,12,10000
881798,881798,wve,colocate-uniform,uniform,2,random-fuzzy-match,2,3,6,64000,random-fuzzy-match,20,3,12,10000
773634,767841,wve,colocate-uniform,uniform,2,random-fuzzy-match,2,3,6,64000,random-fuzzy-match,30,3,0,10000
881798,881798,wve,colocate-uniform,uniform,2,random-fuzzy-match,2,3,6,64000,random-fuzzy-match,20,3,12,64000
905946,905946,wve,colocate-uniform,uniform,2,random-fuzzy-match,2,3,6,64000,random-fuzzy-match,20,3,24,10000
905946,905946,wve,colocate-uniform,uniform,2,random-fuzzy-match,2,3,6,64000,random-fuzzy-match,20,3,24,64000
910805,910805,wve,colocate-uniform,uniform,2,random-fuzzy-match,2,3,6,64000,random-fuzzy-match,20,3,48,10000
910805,910805,wve,colocate-uniform,uniform,2,random-fuzzy-match,2,3,6,64000,random-fuzzy-match,20,3,48,64000
828795,828795,wve,colocate-uniform,uniform,2,random-fuzzy-match,2,3,6,64000,random-fuzzy-match,20,3,6,10000
828795,828795,wve,colocate-uniform,uniform,2,random-fuzzy-match,2,3,6,64000,random-fuzzy-match,20,3,6,64000
767841,767841,wve,colocate-uniform,uniform,2,random-fuzzy-match,2,3,6,64000,random-fuzzy-match,30,3,0,64000
961345,961345,wve,colocate-uniform,uniform,2,random-fuzzy-match,2,3,6,64000,random-fuzzy-match,30,3,12,10000
961345,961345,wve,colocate-uniform,uniform,2,random-fuzzy-match,2,3,6,64000,random-fuzzy-match,30,3,12,64000
978006,978006,wve,colocate-uniform,uniform,2,random-fuzzy-match,2,3,6,64000,random-fuzzy-match,30,3,24,10000
978006,978006,wve,colocate-uniform,uniform,2,random-fuzzy-match,2,3,6,64000,random-fuzzy-match,30,3,24,64000
981000,981000,wve,colocate-uniform,uniform,2,random-fuzzy-match,2,3,6,64000,random-fuzzy-match,30,3,48,10000
981000,981000,wve,colocate-uniform,uniform,2,random-fuzzy-match,2,3,6,64000,random-fuzzy-match,30,3,48,64000
897302,897302,wve,colocate-uniform,uniform,2,random-fuzzy-match,2,3,6,64000,random-fuzzy-match,30,3,6,10000
897302,897302,wve,colocate-uniform,uniform,2,random-fuzzy-match,2,3,6,64000,random-fuzzy-match,30,3,6,64000
