groupSizeDist,placementDist,placementNumHostsPerLeaf,seed,podsAlgorithm,podsNumBitmaps,podsNumNodesPerBitmap,podsRedundancyPerBitmap,podsNumRules,leafsAlgorithm,leafsNumBitmaps,leafsNumNodesPerBitmap,leafsRedundancyPerBitmap,leafsNumRules,unicastTraffic,multicastTraffic,baseeratTraffic,overlayTraffic,overlayTrafficCorrected
uniform,colocate-colocate-uniform,12,0,random-fuzzy-match,2,3,6,64000,exact-match,10,3,0,10000,2385267270,415953027,467320090,852635990,825915054
uniform,colocate-colocate-uniform,12,0,random-fuzzy-match,2,3,6,64000,exact-match,10,3,0,64000,2385267270,415953027,415953036,852635990,825915054
uniform,colocate-colocate-uniform,12,0,random-fuzzy-match,2,3,6,64000,exact-match,20,3,0,10000,2385267270,415953027,423927544,852635990,825915054
uniform,colocate-colocate-uniform,12,0,random-fuzzy-match,2,3,6,64000,exact-match,20,3,0,64000,2385267270,415953027,415953036,852635990,825915054
uniform,colocate-colocate-uniform,12,0,random-fuzzy-match,2,3,6,64000,exact-match,30,3,0,10000,2385267270,415953027,415953036,852635990,825915054
uniform,colocate-colocate-uniform,12,0,random-fuzzy-match,2,3,6,64000,exact-match,30,3,0,64000,2385267270,415953027,415953036,852635990,825915054
uniform,colocate-colocate-uniform,12,0,random-fuzzy-match,2,3,6,64000,random-fuzzy-match,10,3,0,10000,2385267270,415953027,460678333,852635990,825915054
uniform,colocate-colocate-uniform,12,0,random-fuzzy-match,2,3,6,64000,random-fuzzy-match,10,3,0,64000,2385267270,415953027,415953036,852635990,825915054
uniform,colocate-colocate-uniform,12,0,random-fuzzy-match,2,3,6,64000,random-fuzzy-match,10,3,6,10000,2385267270,415953027,452639392,852635990,825915054
uniform,colocate-colocate-uniform,12,0,random-fuzzy-match,2,3,6,64000,random-fuzzy-match,10,3,6,64000,2385267270,415953027,418116207,852635990,825915054
uniform,colocate-colocate-uniform,12,0,random-fuzzy-match,2,3,6,64000,random-fuzzy-match,10,3,12,10000,2385267270,415953027,448575312,852635990,825915054
uniform,colocate-colocate-uniform,12,0,random-fuzzy-match,2,3,6,64000,random-fuzzy-match,10,3,12,64000,2385267270,415953027,424323525,852635990,825915054
uniform,colocate-colocate-uniform,12,0,random-fuzzy-match,2,3,6,64000,random-fuzzy-match,10,3,24,10000,2385267270,415953027,464370655,852635990,825915054
uniform,colocate-colocate-uniform,12,0,random-fuzzy-match,2,3,6,64000,random-fuzzy-match,10,3,24,64000,2385267270,415953027,458754136,852635990,825915054
uniform,colocate-colocate-uniform,12,0,random-fuzzy-match,2,3,6,64000,random-fuzzy-match,10,3,48,10000,2385267270,415953027,488152389,852635990,825915054
uniform,colocate-colocate-uniform,12,0,random-fuzzy-match,2,3,6,64000,random-fuzzy-match,10,3,48,64000,2385267270,415953027,487673377,852635990,825915054
uniform,colocate-colocate-uniform,12,0,random-fuzzy-match,2,3,6,64000,random-fuzzy-match,20,3,0,10000,2385267270,415953027,426047579,852635990,825915054
uniform,colocate-colocate-uniform,12,0,random-fuzzy-match,2,3,6,64000,random-fuzzy-match,20,3,0,64000,2385267270,415953027,415953036,852635990,825915054
uniform,colocate-colocate-uniform,12,0,random-fuzzy-match,2,3,6,64000,random-fuzzy-match,20,3,6,10000,2385267270,415953027,422846736,852635990,825915054
uniform,colocate-colocate-uniform,12,0,random-fuzzy-match,2,3,6,64000,random-fuzzy-match,20,3,6,64000,2385267270,415953027,419014848,852635990,825915054
uniform,colocate-colocate-uniform,12,0,random-fuzzy-match,2,3,6,64000,random-fuzzy-match,20,3,12,10000,2385267270,415953027,427738282,852635990,825915054
uniform,colocate-colocate-uniform,12,0,random-fuzzy-match,2,3,6,64000,random-fuzzy-match,20,3,12,64000,2385267270,415953027,427130975,852635990,825915054
uniform,colocate-colocate-uniform,12,0,random-fuzzy-match,2,3,6,64000,random-fuzzy-match,20,3,24,10000,2385267270,415953027,470033251,852635990,825915054
uniform,colocate-colocate-uniform,12,0,random-fuzzy-match,2,3,6,64000,random-fuzzy-match,20,3,24,64000,2385267270,415953027,470033251,852635990,825915054
uniform,colocate-colocate-uniform,12,0,random-fuzzy-match,2,3,6,64000,random-fuzzy-match,20,3,48,10000,2385267270,415953027,474580991,852635990,825915054
uniform,colocate-colocate-uniform,12,0,random-fuzzy-match,2,3,6,64000,random-fuzzy-match,20,3,48,64000,2385267270,415953027,474580991,852635990,825915054
uniform,colocate-colocate-uniform,12,0,random-fuzzy-match,2,3,6,64000,random-fuzzy-match,30,3,0,10000,2385267270,415953027,416125680,852635990,825915054
uniform,colocate-colocate-uniform,12,0,random-fuzzy-match,2,3,6,64000,random-fuzzy-match,30,3,0,64000,2385267270,415953027,415953036,852635990,825915054
uniform,colocate-colocate-uniform,12,0,random-fuzzy-match,2,3,6,64000,random-fuzzy-match,30,3,6,10000,2385267270,415953027,419362596,852635990,825915054
uniform,colocate-colocate-uniform,12,0,random-fuzzy-match,2,3,6,64000,random-fuzzy-match,30,3,6,64000,2385267270,415953027,419362596,852635990,825915054
uniform,colocate-colocate-uniform,12,0,random-fuzzy-match,2,3,6,64000,random-fuzzy-match,30,3,12,10000,2385267270,415953027,426481489,852635990,825915054
uniform,colocate-colocate-uniform,12,0,random-fuzzy-match,2,3,6,64000,random-fuzzy-match,30,3,12,64000,2385267270,415953027,426481489,852635990,825915054
uniform,colocate-colocate-uniform,12,0,random-fuzzy-match,2,3,6,64000,random-fuzzy-match,30,3,24,10000,2385267270,415953027,445141803,852635990,825915054
uniform,colocate-colocate-uniform,12,0,random-fuzzy-match,2,3,6,64000,random-fuzzy-match,30,3,24,64000,2385267270,415953027,445141803,852635990,825915054
uniform,colocate-colocate-uniform,12,0,random-fuzzy-match,2,3,6,64000,random-fuzzy-match,30,3,48,10000,2385267270,415953027,445940008,852635990,825915054
uniform,colocate-colocate-uniform,12,0,random-fuzzy-match,2,3,6,64000,random-fuzzy-match,30,3,48,64000,2385267270,415953027,445940008,852635990,825915054
uniform,colocate-colocate-uniform,24,0,random-fuzzy-match,2,3,6,64000,exact-match,10,3,0,10000,2388263886,416312884,457634277,853105498,826634768
uniform,colocate-colocate-uniform,24,0,random-fuzzy-match,2,3,6,64000,exact-match,10,3,0,64000,2388263886,416312884,416313006,853105498,826634768
uniform,colocate-colocate-uniform,24,0,random-fuzzy-match,2,3,6,64000,exact-match,20,3,0,10000,2388263886,416312884,422801647,853105498,826634768
uniform,colocate-colocate-uniform,24,0,random-fuzzy-match,2,3,6,64000,exact-match,20,3,0,64000,2388263886,416312884,416313006,853105498,826634768
uniform,colocate-colocate-uniform,24,0,random-fuzzy-match,2,3,6,64000,exact-match,30,3,0,10000,2388263886,416312884,416343377,853105498,826634768
uniform,colocate-colocate-uniform,24,0,random-fuzzy-match,2,3,6,64000,exact-match,30,3,0,64000,2388263886,416312884,416313006,853105498,826634768
uniform,colocate-colocate-uniform,24,0,random-fuzzy-match,2,3,6,64000,random-fuzzy-match,10,3,0,10000,2388263886,416312884,454167902,853105498,826634768
uniform,colocate-colocate-uniform,24,0,random-fuzzy-match,2,3,6,64000,random-fuzzy-match,10,3,0,64000,2388263886,416312884,416313006,853105498,826634768
uniform,colocate-colocate-uniform,24,0,random-fuzzy-match,2,3,6,64000,random-fuzzy-match,10,3,6,10000,2388263886,416312884,447091285,853105498,826634768
uniform,colocate-colocate-uniform,24,0,random-fuzzy-match,2,3,6,64000,random-fuzzy-match,10,3,6,64000,2388263886,416312884,418484117,853105498,826634768
uniform,colocate-colocate-uniform,24,0,random-fuzzy-match,2,3,6,64000,random-fuzzy-match,10,3,12,10000,2388263886,416312884,444925890,853105498,826634768
uniform,colocate-colocate-uniform,24,0,random-fuzzy-match,2,3,6,64000,random-fuzzy-match,10,3,12,64000,2388263886,416312884,424600761,853105498,826634768
uniform,colocate-colocate-uniform,24,0,random-fuzzy-match,2,3,6,64000,random-fuzzy-match,10,3,24,10000,2388263886,416312884,463405887,853105498,826634768
uniform,colocate-colocate-uniform,24,0,random-fuzzy-match,2,3,6,64000,random-fuzzy-match,10,3,24,64000,2388263886,416312884,458712682,853105498,826634768
uniform,colocate-colocate-uniform,24,0,random-fuzzy-match,2,3,6,64000,random-fuzzy-match,10,3,48,10000,2388263886,416312884,487815082,853105498,826634768
uniform,colocate-colocate-uniform,24,0,random-fuzzy-match,2,3,6,64000,random-fuzzy-match,10,3,48,64000,2388263886,416312884,487216312,853105498,826634768
uniform,colocate-colocate-uniform,24,0,random-fuzzy-match,2,3,6,64000,random-fuzzy-match,20,3,0,10000,2388263886,416312884,424674682,853105498,826634768
uniform,colocate-colocate-uniform,24,0,random-fuzzy-match,2,3,6,64000,random-fuzzy-match,20,3,0,64000,2388263886,416312884,416313006,853105498,826634768
uniform,colocate-colocate-uniform,24,0,random-fuzzy-match,2,3,6,64000,random-fuzzy-match,20,3,6,10000,2388263886,416312884,422547683,853105498,826634768
uniform,colocate-colocate-uniform,24,0,random-fuzzy-match,2,3,6,64000,random-fuzzy-match,20,3,6,64000,2388263886,416312884,419450824,853105498,826634768
uniform,colocate-colocate-uniform,24,0,random-fuzzy-match,2,3,6,64000,random-fuzzy-match,20,3,12,10000,2388263886,416312884,428027216,853105498,826634768
uniform,colocate-colocate-uniform,24,0,random-fuzzy-match,2,3,6,64000,random-fuzzy-match,20,3,12,64000,2388263886,416312884,427480954,853105498,826634768
uniform,colocate-colocate-uniform,24,0,random-fuzzy-match,2,3,6,64000,random-fuzzy-match,20,3,24,10000,2388263886,416312884,468853240,853105498,826634768
uniform,colocate-colocate-uniform,24,0,random-fuzzy-match,2,3,6,64000,random-fuzzy-match,20,3,24,64000,2388263886,416312884,468853240,853105498,826634768
uniform,colocate-colocate-uniform,24,0,random-fuzzy-match,2,3,6,64000,random-fuzzy-match,20,3,48,10000,2388263886,416312884,473053106,853105498,826634768
uniform,colocate-colocate-uniform,24,0,random-fuzzy-match,2,3,6,64000,random-fuzzy-match,20,3,48,64000,2388263886,416312884,473053106,853105498,826634768
uniform,colocate-colocate-uniform,24,0,random-fuzzy-match,2,3,6,64000,random-fuzzy-match,30,3,0,10000,2388263886,416312884,416621364,853105498,826634768
uniform,colocate-colocate-uniform,24,0,random-fuzzy-match,2,3,6,64000,random-fuzzy-match,30,3,0,64000,2388263886,416312884,416313006,853105498,826634768
uniform,colocate-colocate-uniform,24,0,random-fuzzy-match,2,3,6,64000,random-fuzzy-match,30,3,6,10000,2388263886,416312884,419569013,853105498,826634768
uniform,colocate-colocate-uniform,24,0,random-fuzzy-match,2,3,6,64000,random-fuzzy-match,30,3,6,64000,2388263886,416312884,419555353,853105498,826634768
uniform,colocate-colocate-uniform,24,0,random-fuzzy-match,2,3,6,64000,random-fuzzy-match,30,3,12,10000,2388263886,416312884,426226032,853105498,826634768
uniform,colocate-colocate-uniform,24,0,random-fuzzy-match,2,3,6,64000,random-fuzzy-match,30,3,12,64000,2388263886,416312884,426226032,853105498,826634768
uniform,colocate-colocate-uniform,24,0,random-fuzzy-match,2,3,6,64000,random-fuzzy-match,30,3,24,10000,2388263886,416312884,443401111,853105498,826634768
uniform,colocate-colocate-uniform,24,0,random-fuzzy-match,2,3,6,64000,random-fuzzy-match,30,3,24,64000,2388263886,416312884,443401111,853105498,826634768
uniform,colocate-colocate-uniform,24,0,random-fuzzy-match,2,3,6,64000,random-fuzzy-match,30,3,48,10000,2388263886,416312884,444000947,853105498,826634768
uniform,colocate-colocate-uniform,24,0,random-fuzzy-match,2,3,6,64000,random-fuzzy-match,30,3,48,64000,2388263886,416312884,444000947,853105498,826634768
uniform,colocate-colocate-uniform,48,0,random-fuzzy-match,2,3,6,64000,exact-match,10,3,0,10000,2357549724,410971718,447817890,842012788,815952436
uniform,colocate-colocate-uniform,48,0,random-fuzzy-match,2,3,6,64000,exact-match,10,3,0,64000,2357549724,410971718,410971718,842012788,815952436
uniform,colocate-colocate-uniform,48,0,random-fuzzy-match,2,3,6,64000,exact-match,20,3,0,10000,2357549724,410971718,412764864,842012788,815952436
uniform,colocate-colocate-uniform,48,0,random-fuzzy-match,2,3,6,64000,exact-match,20,3,0,64000,2357549724,410971718,410971718,842012788,815952436
uniform,colocate-colocate-uniform,48,0,random-fuzzy-match,2,3,6,64000,exact-match,30,3,0,10000,2357549724,410971718,410971718,842012788,815952436
uniform,colocate-colocate-uniform,48,0,random-fuzzy-match,2,3,6,64000,exact-match,30,3,0,64000,2357549724,410971718,410971718,842012788,815952436
uniform,colocate-colocate-uniform,48,0,random-fuzzy-match,2,3,6,64000,random-fuzzy-match,10,3,0,10000,2357549724,410971718,445004215,842012788,815952436
uniform,colocate-colocate-uniform,48,0,random-fuzzy-match,2,3,6,64000,random-fuzzy-match,10,3,0,64000,2357549724,410971718,410971718,842012788,815952436
uniform,colocate-colocate-uniform,48,0,random-fuzzy-match,2,3,6,64000,random-fuzzy-match,10,3,6,10000,2357549724,410971718,438530271,842012788,815952436
uniform,colocate-colocate-uniform,48,0,random-fuzzy-match,2,3,6,64000,random-fuzzy-match,10,3,6,64000,2357549724,410971718,413037370,842012788,815952436
uniform,colocate-colocate-uniform,48,0,random-fuzzy-match,2,3,6,64000,random-fuzzy-match,10,3,12,10000,2357549724,410971718,436168889,842012788,815952436
uniform,colocate-colocate-uniform,48,0,random-fuzzy-match,2,3,6,64000,random-fuzzy-match,10,3,12,64000,2357549724,410971718,419038572,842012788,815952436
uniform,colocate-colocate-uniform,48,0,random-fuzzy-match,2,3,6,64000,random-fuzzy-match,10,3,24,10000,2357549724,410971718,455214819,842012788,815952436
uniform,colocate-colocate-uniform,48,0,random-fuzzy-match,2,3,6,64000,random-fuzzy-match,10,3,24,64000,2357549724,410971718,452857925,842012788,815952436
uniform,colocate-colocate-uniform,48,0,random-fuzzy-match,2,3,6,64000,random-fuzzy-match,10,3,48,10000,2357549724,410971718,480613676,842012788,815952436
uniform,colocate-colocate-uniform,48,0,random-fuzzy-match,2,3,6,64000,random-fuzzy-match,10,3,48,64000,2357549724,410971718,480449736,842012788,815952436
uniform,colocate-colocate-uniform,48,0,random-fuzzy-match,2,3,6,64000,random-fuzzy-match,20,3,0,10000,2357549724,410971718,416359444,842012788,815952436
uniform,colocate-colocate-uniform,48,0,random-fuzzy-match,2,3,6,64000,random-fuzzy-match,20,3,0,64000,2357549724,410971718,410971718,842012788,815952436
uniform,colocate-colocate-uniform,48,0,random-fuzzy-match,2,3,6,64000,random-fuzzy-match,20,3,6,10000,2357549724,410971718,415282647,842012788,815952436
uniform,colocate-colocate-uniform,48,0,random-fuzzy-match,2,3,6,64000,random-fuzzy-match,20,3,6,64000,2357549724,410971718,413972401,842012788,815952436
uniform,colocate-colocate-uniform,48,0,random-fuzzy-match,2,3,6,64000,random-fuzzy-match,20,3,12,10000,2357549724,410971718,421861522,842012788,815952436
uniform,colocate-colocate-uniform,48,0,random-fuzzy-match,2,3,6,64000,random-fuzzy-match,20,3,12,64000,2357549724,410971718,421706014,842012788,815952436
uniform,colocate-colocate-uniform,48,0,random-fuzzy-match,2,3,6,64000,random-fuzzy-match,20,3,24,10000,2357549724,410971718,461968301,842012788,815952436
uniform,colocate-colocate-uniform,48,0,random-fuzzy-match,2,3,6,64000,random-fuzzy-match,20,3,24,64000,2357549724,410971718,461968301,842012788,815952436
uniform,colocate-colocate-uniform,48,0,random-fuzzy-match,2,3,6,64000,random-fuzzy-match,20,3,48,10000,2357549724,410971718,465789636,842012788,815952436
uniform,colocate-colocate-uniform,48,0,random-fuzzy-match,2,3,6,64000,random-fuzzy-match,20,3,48,64000,2357549724,410971718,465789636,842012788,815952436
uniform,colocate-colocate-uniform,48,0,random-fuzzy-match,2,3,6,64000,random-fuzzy-match,30,3,0,10000,2357549724,410971718,411031778,842012788,815952436
uniform,colocate-colocate-uniform,48,0,random-fuzzy-match,2,3,6,64000,random-fuzzy-match,30,3,0,64000,2357549724,410971718,410971718,842012788,815952436
uniform,colocate-colocate-uniform,48,0,random-fuzzy-match,2,3,6,64000,random-fuzzy-match,30,3,6,10000,2357549724,410971718,414097095,842012788,815952436
uniform,colocate-colocate-uniform,48,0,random-fuzzy-match,2,3,6,64000,random-fuzzy-match,30,3,6,64000,2357549724,410971718,414097095,842012788,815952436
uniform,colocate-colocate-uniform,48,0,random-fuzzy-match,2,3,6,64000,random-fuzzy-match,30,3,12,10000,2357549724,410971718,420603501,842012788,815952436
uniform,colocate-colocate-uniform,48,0,random-fuzzy-match,2,3,6,64000,random-fuzzy-match,30,3,12,64000,2357549724,410971718,420603501,842012788,815952436
uniform,colocate-colocate-uniform,48,0,random-fuzzy-match,2,3,6,64000,random-fuzzy-match,30,3,24,10000,2357549724,410971718,437490447,842012788,815952436
uniform,colocate-colocate-uniform,48,0,random-fuzzy-match,2,3,6,64000,random-fuzzy-match,30,3,24,64000,2357549724,410971718,437490447,842012788,815952436
uniform,colocate-colocate-uniform,48,0,random-fuzzy-match,2,3,6,64000,random-fuzzy-match,30,3,48,10000,2357549724,410971718,438091982,842012788,815952436
uniform,colocate-colocate-uniform,48,0,random-fuzzy-match,2,3,6,64000,random-fuzzy-match,30,3,48,64000,2357549724,410971718,438091982,842012788,815952436
uniform,colocate-uniform,uniform,0,random-fuzzy-match,2,3,6,64000,exact-match,10,3,0,10000,3562264086,651880370,1842850341,1402695194,1297769740
uniform,colocate-uniform,uniform,0,random-fuzzy-match,2,3,6,64000,exact-match,10,3,0,64000,3562264086,651880370,866975163,1402695194,1297769740
uniform,colocate-uniform,uniform,0,random-fuzzy-match,2,3,6,64000,exact-match,20,3,0,10000,3562264086,651880370,1523509958,1402695194,1297769740
uniform,colocate-uniform,uniform,0,random-fuzzy-match,2,3,6,64000,exact-match,20,3,0,64000,3562264086,651880370,697071373,1402695194,1297769740
uniform,colocate-uniform,uniform,0,random-fuzzy-match,2,3,6,64000,exact-match,30,3,0,10000,3562264086,651880370,1255406503,1402695194,1297769740
uniform,colocate-uniform,uniform,0,random-fuzzy-match,2,3,6,64000,exact-match,30,3,0,64000,3562264086,651880370,651960272,1402695194,1297769740
uniform,colocate-uniform,uniform,0,random-fuzzy-match,2,3,6,64000,random-fuzzy-match,10,3,0,10000,3562264086,651880370,1854120475,1402695194,1297769740
uniform,colocate-uniform,uniform,0,random-fuzzy-match,2,3,6,64000,random-fuzzy-match,10,3,0,64000,3562264086,651880370,891292340,1402695194,1297769740
uniform,colocate-uniform,uniform,0,random-fuzzy-match,2,3,6,64000,random-fuzzy-match,10,3,6,10000,3562264086,651880370,1531522334,1402695194,1297769740
uniform,colocate-uniform,uniform,0,random-fuzzy-match,2,3,6,64000,random-fuzzy-match,10,3,6,64000,3562264086,651880370,734416281,1402695194,1297769740
uniform,colocate-uniform,uniform,0,random-fuzzy-match,2,3,6,64000,random-fuzzy-match,10,3,12,10000,3562264086,651880370,1434804342,1402695194,1297769740
uniform,colocate-uniform,uniform,0,random-fuzzy-match,2,3,6,64000,random-fuzzy-match,10,3,12,64000,3562264086,651880370,722830770,1402695194,1297769740
uniform,colocate-uniform,uniform,0,random-fuzzy-match,2,3,6,64000,random-fuzzy-match,10,3,24,10000,3562264086,651880370,1372207128,1402695194,1297769740
uniform,colocate-uniform,uniform,0,random-fuzzy-match,2,3,6,64000,random-fuzzy-match,10,3,24,64000,3562264086,651880370,744125340,1402695194,1297769740
uniform,colocate-uniform,uniform,0,random-fuzzy-match,2,3,6,64000,random-fuzzy-match,10,3,48,10000,3562264086,651880370,1358225882,1402695194,1297769740
uniform,colocate-uniform,uniform,0,random-fuzzy-match,2,3,6,64000,random-fuzzy-match,10,3,48,64000,3562264086,651880370,774245968,1402695194,1297769740
uniform,colocate-uniform,uniform,0,random-fuzzy-match,2,3,6,64000,random-fuzzy-match,20,3,0,10000,3562264086,651880370,1516750208,1402695194,1297769740
uniform,colocate-uniform,uniform,0,random-fuzzy-match,2,3,6,64000,random-fuzzy-match,20,3,0,64000,3562264086,651880370,712265334,1402695194,1297769740
uniform,colocate-uniform,uniform,0,random-fuzzy-match,2,3,6,64000,random-fuzzy-match,20,3,6,10000,3562264086,651880370,1177594309,1402695194,1297769740
uniform,colocate-uniform,uniform,0,random-fuzzy-match,2,3,6,64000,random-fuzzy-match,20,3,6,64000,3562264086,651880370,687535501,1402695194,1297769740
uniform,colocate-uniform,uniform,0,random-fuzzy-match,2,3,6,64000,random-fuzzy-match,20,3,12,10000,3562264086,651880370,1064887659,1402695194,1297769740
uniform,colocate-uniform,uniform,0,random-fuzzy-match,2,3,6,64000,random-fuzzy-match,20,3,12,64000,3562264086,651880370,730284800,1402695194,1297769740
uniform,colocate-uniform,uniform,0,random-fuzzy-match,2,3,6,64000,random-fuzzy-match,20,3,24,10000,3562264086,651880370,1018658867,1402695194,1297769740
uniform,colocate-uniform,uniform,0,random-fuzzy-match,2,3,6,64000,random-fuzzy-match,20,3,24,64000,3562264086,651880370,794828518,1402695194,1297769740
uniform,colocate-uniform,uniform,0,random-fuzzy-match,2,3,6,64000,random-fuzzy-match,20,3,48,10000,3562264086,651880370,1020594488,1402695194,1297769740
uniform,colocate-uniform,uniform,0,random-fuzzy-match,2,3,6,64000,random-fuzzy-match,20,3,48,64000,3562264086,651880370,854752725,1402695194,1297769740
uniform,colocate-uniform,uniform,0,random-fuzzy-match,2,3,6,64000,random-fuzzy-match,30,3,0,10000,3562264086,651880370,1222119693,1402695194,1297769740
uniform,colocate-uniform,uniform,0,random-fuzzy-match,2,3,6,64000,random-fuzzy-match,30,3,0,64000,3562264086,651880370,652093890,1402695194,1297769740
uniform,colocate-uniform,uniform,0,random-fuzzy-match,2,3,6,64000,random-fuzzy-match,30,3,6,10000,3562264086,651880370,989566921,1402695194,1297769740
uniform,colocate-uniform,uniform,0,random-fuzzy-match,2,3,6,64000,random-fuzzy-match,30,3,6,64000,3562264086,651880370,679458190,1402695194,1297769740
uniform,colocate-uniform,uniform,0,random-fuzzy-match,2,3,6,64000,random-fuzzy-match,30,3,12,10000,3562264086,651880370,913819689,1402695194,1297769740
uniform,colocate-uniform,uniform,0,random-fuzzy-match,2,3,6,64000,random-fuzzy-match,30,3,12,64000,3562264086,651880370,714825388,1402695194,1297769740
uniform,colocate-uniform,uniform,0,random-fuzzy-match,2,3,6,64000,random-fuzzy-match,30,3,24,10000,3562264086,651880370,885093249,1402695194,1297769740
uniform,colocate-uniform,uniform,0,random-fuzzy-match,2,3,6,64000,random-fuzzy-match,30,3,24,64000,3562264086,651880370,790286133,1402695194,1297769740
uniform,colocate-uniform,uniform,0,random-fuzzy-match,2,3,6,64000,random-fuzzy-match,30,3,48,10000,3562264086,651880370,892850925,1402695194,1297769740
uniform,colocate-uniform,uniform,0,random-fuzzy-match,2,3,6,64000,random-fuzzy-match,30,3,48,64000,3562264086,651880370,871221233,1402695194,1297769740
wve,colocate-colocate-uniform,12,0,random-fuzzy-match,2,3,6,64000,exact-match,10,3,0,10000,288745506,63429025,81272065,141476926,120867050
wve,colocate-colocate-uniform,12,0,random-fuzzy-match,2,3,6,64000,exact-match,10,3,0,64000,288745506,63429025,63429025,141476926,120867050
wve,colocate-colocate-uniform,12,0,random-fuzzy-match,2,3,6,64000,exact-match,20,3,0,10000,288745506,63429025,63444069,141476926,120867050
wve,colocate-colocate-uniform,12,0,random-fuzzy-match,2,3,6,64000,exact-match,20,3,0,64000,288745506,63429025,63429025,141476926,120867050
wve,colocate-colocate-uniform,12,0,random-fuzzy-match,2,3,6,64000,exact-match,30,3,0,10000,288745506,63429025,63429025,141476926,120867050
wve,colocate-colocate-uniform,12,0,random-fuzzy-match,2,3,6,64000,exact-match,30,3,0,64000,288745506,63429025,63429025,141476926,120867050
wve,colocate-colocate-uniform,12,0,random-fuzzy-match,2,3,6,64000,random-fuzzy-match,10,3,0,10000,288745506,63429025,89005713,141476926,120867050
wve,colocate-colocate-uniform,12,0,random-fuzzy-match,2,3,6,64000,random-fuzzy-match,10,3,0,64000,288745506,63429025,63429025,141476926,120867050
wve,colocate-colocate-uniform,12,0,random-fuzzy-match,2,3,6,64000,random-fuzzy-match,10,3,6,10000,288745506,63429025,73049472,141476926,120867050
wve,colocate-colocate-uniform,12,0,random-fuzzy-match,2,3,6,64000,random-fuzzy-match,10,3,6,64000,288745506,63429025,72748131,141476926,120867050
wve,colocate-colocate-uniform,12,0,random-fuzzy-match,2,3,6,64000,random-fuzzy-match,10,3,12,10000,288745506,63429025,79398316,141476926,120867050
wve,colocate-colocate-uniform,12,0,random-fuzzy-match,2,3,6,64000,random-fuzzy-match,10,3,12,64000,288745506,63429025,79398316,141476926,120867050
wve,colocate-colocate-uniform,12,0,random-fuzzy-match,2,3,6,64000,random-fuzzy-match,10,3,24,10000,288745506,63429025,87539509,141476926,120867050
wve,colocate-colocate-uniform,12,0,random-fuzzy-match,2,3,6,64000,random-fuzzy-match,10,3,24,64000,288745506,63429025,87539509,141476926,120867050
wve,colocate-colocate-uniform,12,0,random-fuzzy-match,2,3,6,64000,random-fuzzy-match,10,3,48,10000,288745506,63429025,91409608,141476926,120867050
wve,colocate-colocate-uniform,12,0,random-fuzzy-match,2,3,6,64000,random-fuzzy-match,10,3,48,64000,288745506,63429025,91409608,141476926,120867050
wve,colocate-colocate-uniform,12,0,random-fuzzy-match,2,3,6,64000,random-fuzzy-match,20,3,0,10000,288745506,63429025,63974907,141476926,120867050
wve,colocate-colocate-uniform,12,0,random-fuzzy-match,2,3,6,64000,random-fuzzy-match,20,3,0,64000,288745506,63429025,63429025,141476926,120867050
wve,colocate-colocate-uniform,12,0,random-fuzzy-match,2,3,6,64000,random-fuzzy-match,20,3,6,10000,288745506,63429025,69920016,141476926,120867050
wve,colocate-colocate-uniform,12,0,random-fuzzy-match,2,3,6,64000,random-fuzzy-match,20,3,6,64000,288745506,63429025,69920016,141476926,120867050
wve,colocate-colocate-uniform,12,0,random-fuzzy-match,2,3,6,64000,random-fuzzy-match,20,3,12,10000,288745506,63429025,74789619,141476926,120867050
wve,colocate-colocate-uniform,12,0,random-fuzzy-match,2,3,6,64000,random-fuzzy-match,20,3,12,64000,288745506,63429025,74789619,141476926,120867050
wve,colocate-colocate-uniform,12,0,random-fuzzy-match,2,3,6,64000,random-fuzzy-match,20,3,24,10000,288745506,63429025,77218327,141476926,120867050
wve,colocate-colocate-uniform,12,0,random-fuzzy-match,2,3,6,64000,random-fuzzy-match,20,3,24,64000,288745506,63429025,77218327,141476926,120867050
wve,colocate-colocate-uniform,12,0,random-fuzzy-match,2,3,6,64000,random-fuzzy-match,20,3,48,10000,288745506,63429025,77346230,141476926,120867050
wve,colocate-colocate-uniform,12,0,random-fuzzy-match,2,3,6,64000,random-fuzzy-match,20,3,48,64000,288745506,63429025,77346230,141476926,120867050
wve,colocate-colocate-uniform,12,0,random-fuzzy-match,2,3,6,64000,random-fuzzy-match,30,3,0,10000,288745506,63429025,63429025,141476926,120867050
wve,colocate-colocate-uniform,12,0,random-fuzzy-match,2,3,6,64000,random-fuzzy-match,30,3,0,64000,288745506,63429025,63429025,141476926,120867050
wve,colocate-colocate-uniform,12,0,random-fuzzy-match,2,3,6,64000,random-fuzzy-match,30,3,6,10000,288745506,63429025,65662987,141476926,120867050
wve,colocate-colocate-uniform,12,0,random-fuzzy-match,2,3,6,64000,random-fuzzy-match,30,3,6,64000,288745506,63429025,65662987,141476926,120867050
wve,colocate-colocate-uniform,12,0,random-fuzzy-match,2,3,6,64000,random-fuzzy-match,30,3,12,10000,288745506,63429025,66311560,141476926,120867050
wve,colocate-colocate-uniform,12,0,random-fuzzy-match,2,3,6,64000,random-fuzzy-match,30,3,12,64000,288745506,63429025,66311560,141476926,120867050
wve,colocate-colocate-uniform,12,0,random-fuzzy-match,2,3,6,64000,random-fuzzy-match,30,3,24,10000,288745506,63429025,66384265,141476926,120867050
wve,colocate-colocate-uniform,12,0,random-fuzzy-match,2,3,6,64000,random-fuzzy-match,30,3,24,64000,288745506,63429025,66384265,141476926,120867050
wve,colocate-colocate-uniform,12,0,random-fuzzy-match,2,3,6,64000,random-fuzzy-match,30,3,48,10000,288745506,63429025,66414057,141476926,120867050
wve,colocate-colocate-uniform,12,0,random-fuzzy-match,2,3,6,64000,random-fuzzy-match,30,3,48,64000,288745506,63429025,66414057,141476926,120867050
wve,colocate-colocate-uniform,24,0,random-fuzzy-match,2,3,6,64000,exact-match,10,3,0,10000,288019926,63267969,84911757,140998742,120544938
wve,colocate-colocate-uniform,24,0,random-fuzzy-match,2,3,6,64000,exact-match,10,3,0,64000,288019926,63267969,63267969,140998742,120544938
wve,colocate-colocate-uniform,24,0,random-fuzzy-match,2,3,6,64000,exact-match,20,3,0,10000,288019926,63267969,63452611,140998742,120544938
wve,colocate-colocate-uniform,24,0,random-fuzzy-match,2,3,6,64000,exact-match,20,3,0,64000,288019926,63267969,63267969,140998742,120544938
wve,colocate-colocate-uniform,24,0,random-fuzzy-match,2,3,6,64000,exact-match,30,3,0,10000,288019926,63267969,63267969,140998742,120544938
wve,colocate-colocate-uniform,24,0,random-fuzzy-match,2,3,6,64000,exact-match,30,3,0,64000,288019926,63267969,63267969,140998742,120544938
wve,colocate-colocate-uniform,24,0,random-fuzzy-match,2,3,6,64000,random-fuzzy-match,10,3,0,10000,288019926,63267969,90671464,140998742,120544938
wve,colocate-colocate-uniform,24,0,random-fuzzy-match,2,3,6,64000,random-fuzzy-match,10,3,0,64000,288019926,63267969,63267969,140998742,120544938
wve,colocate-colocate-uniform,24,0,random-fuzzy-match,2,3,6,64000,random-fuzzy-match,10,3,6,10000,288019926,63267969,73125421,140998742,120544938
wve,colocate-colocate-uniform,24,0,random-fuzzy-match,2,3,6,64000,random-fuzzy-match,10,3,6,64000,288019926,63267969,72588929,140998742,120544938
wve,colocate-colocate-uniform,24,0,random-fuzzy-match,2,3,6,64000,random-fuzzy-match,10,3,12,10000,288019926,63267969,79302181,140998742,120544938
wve,colocate-colocate-uniform,24,0,random-fuzzy-match,2,3,6,64000,random-fuzzy-match,10,3,12,64000,288019926,63267969,79281159,140998742,120544938
wve,colocate-colocate-uniform,24,0,random-fuzzy-match,2,3,6,64000,random-fuzzy-match,10,3,24,10000,288019926,63267969,87334286,140998742,120544938
wve,colocate-colocate-uniform,24,0,random-fuzzy-match,2,3,6,64000,random-fuzzy-match,10,3,24,64000,288019926,63267969,87334286,140998742,120544938
wve,colocate-colocate-uniform,24,0,random-fuzzy-match,2,3,6,64000,random-fuzzy-match,10,3,48,10000,288019926,63267969,91562910,140998742,120544938
wve,colocate-colocate-uniform,24,0,random-fuzzy-match,2,3,6,64000,random-fuzzy-match,10,3,48,64000,288019926,63267969,91562910,140998742,120544938
wve,colocate-colocate-uniform,24,0,random-fuzzy-match,2,3,6,64000,random-fuzzy-match,20,3,0,10000,288019926,63267969,64094308,140998742,120544938
wve,colocate-colocate-uniform,24,0,random-fuzzy-match,2,3,6,64000,random-fuzzy-match,20,3,0,64000,288019926,63267969,63267969,140998742,120544938
wve,colocate-colocate-uniform,24,0,random-fuzzy-match,2,3,6,64000,random-fuzzy-match,20,3,6,10000,288019926,63267969,69551679,140998742,120544938
wve,colocate-colocate-uniform,24,0,random-fuzzy-match,2,3,6,64000,random-fuzzy-match,20,3,6,64000,288019926,63267969,69551679,140998742,120544938
wve,colocate-colocate-uniform,24,0,random-fuzzy-match,2,3,6,64000,random-fuzzy-match,20,3,12,10000,288019926,63267969,74162599,140998742,120544938
wve,colocate-colocate-uniform,24,0,random-fuzzy-match,2,3,6,64000,random-fuzzy-match,20,3,12,64000,288019926,63267969,74162599,140998742,120544938
wve,colocate-colocate-uniform,24,0,random-fuzzy-match,2,3,6,64000,random-fuzzy-match,20,3,24,10000,288019926,63267969,76558423,140998742,120544938
wve,colocate-colocate-uniform,24,0,random-fuzzy-match,2,3,6,64000,random-fuzzy-match,20,3,24,64000,288019926,63267969,76558423,140998742,120544938
wve,colocate-colocate-uniform,24,0,random-fuzzy-match,2,3,6,64000,random-fuzzy-match,20,3,48,10000,288019926,63267969,76699994,140998742,120544938
wve,colocate-colocate-uniform,24,0,random-fuzzy-match,2,3,6,64000,random-fuzzy-match,20,3,48,64000,288019926,63267969,76699994,140998742,120544938
wve,colocate-colocate-uniform,24,0,random-fuzzy-match,2,3,6,64000,random-fuzzy-match,30,3,0,10000,288019926,63267969,63267969,140998742,120544938
wve,colocate-colocate-uniform,24,0,random-fuzzy-match,2,3,6,64000,random-fuzzy-match,30,3,0,64000,288019926,63267969,63267969,140998742,120544938
wve,colocate-colocate-uniform,24,0,random-fuzzy-match,2,3,6,64000,random-fuzzy-match,30,3,6,10000,288019926,63267969,65315372,140998742,120544938
wve,colocate-colocate-uniform,24,0,random-fuzzy-match,2,3,6,64000,random-fuzzy-match,30,3,6,64000,288019926,63267969,65315372,140998742,120544938
wve,colocate-colocate-uniform,24,0,random-fuzzy-match,2,3,6,64000,random-fuzzy-match,30,3,12,10000,288019926,63267969,65864338,140998742,120544938
wve,colocate-colocate-uniform,24,0,random-fuzzy-match,2,3,6,64000,random-fuzzy-match,30,3,12,64000,288019926,63267969,65864338,140998742,120544938
wve,colocate-colocate-uniform,24,0,random-fuzzy-match,2,3,6,64000,random-fuzzy-match,30,3,24,10000,288019926,63267969,65941560,140998742,120544938
wve,colocate-colocate-uniform,24,0,random-fuzzy-match,2,3,6,64000,random-fuzzy-match,30,3,24,64000,288019926,63267969,65941560,140998742,120544938
wve,colocate-colocate-uniform,24,0,random-fuzzy-match,2,3,6,64000,random-fuzzy-match,30,3,48,10000,288019926,63267969,65980239,140998742,120544938
wve,colocate-colocate-uniform,24,0,random-fuzzy-match,2,3,6,64000,random-fuzzy-match,30,3,48,64000,288019926,63267969,65980239,140998742,120544938
wve,colocate-colocate-uniform,48,0,random-fuzzy-match,2,3,6,64000,exact-match,10,3,0,10000,289480542,63667376,92496945,142075750,121343752
wve,colocate-colocate-uniform,48,0,random-fuzzy-match,2,3,6,64000,exact-match,10,3,0,64000,289480542,63667376,63667815,142075750,121343752
wve,colocate-colocate-uniform,48,0,random-fuzzy-match,2,3,6,64000,exact-match,20,3,0,10000,289480542,63667376,64435286,142075750,121343752
wve,colocate-colocate-uniform,48,0,random-fuzzy-match,2,3,6,64000,exact-match,20,3,0,64000,289480542,63667376,63667815,142075750,121343752
wve,colocate-colocate-uniform,48,0,random-fuzzy-match,2,3,6,64000,exact-match,30,3,0,10000,289480542,63667376,63667815,142075750,121343752
wve,colocate-colocate-uniform,48,0,random-fuzzy-match,2,3,6,64000,exact-match,30,3,0,64000,289480542,63667376,63667815,142075750,121343752
wve,colocate-colocate-uniform,48,0,random-fuzzy-match,2,3,6,64000,random-fuzzy-match,10,3,0,10000,289480542,63667376,98172510,142075750,121343752
wve,colocate-colocate-uniform,48,0,random-fuzzy-match,2,3,6,64000,random-fuzzy-match,10,3,0,64000,289480542,63667376,63667815,142075750,121343752
wve,colocate-colocate-uniform,48,0,random-fuzzy-match,2,3,6,64000,random-fuzzy-match,10,3,6,10000,289480542,63667376,74414364,142075750,121343752
wve,colocate-colocate-uniform,48,0,random-fuzzy-match,2,3,6,64000,random-fuzzy-match,10,3,6,64000,289480542,63667376,73070259,142075750,121343752
wve,colocate-colocate-uniform,48,0,random-fuzzy-match,2,3,6,64000,random-fuzzy-match,10,3,12,10000,289480542,63667376,79789765,142075750,121343752
wve,colocate-colocate-uniform,48,0,random-fuzzy-match,2,3,6,64000,random-fuzzy-match,10,3,12,64000,289480542,63667376,79675585,142075750,121343752
wve,colocate-colocate-uniform,48,0,random-fuzzy-match,2,3,6,64000,random-fuzzy-match,10,3,24,10000,289480542,63667376,87541836,142075750,121343752
wve,colocate-colocate-uniform,48,0,random-fuzzy-match,2,3,6,64000,random-fuzzy-match,10,3,24,64000,289480542,63667376,87541836,142075750,121343752
wve,colocate-colocate-uniform,48,0,random-fuzzy-match,2,3,6,64000,random-fuzzy-match,10,3,48,10000,289480542,63667376,91554739,142075750,121343752
wve,colocate-colocate-uniform,48,0,random-fuzzy-match,2,3,6,64000,random-fuzzy-match,10,3,48,64000,289480542,63667376,91554739,142075750,121343752
wve,colocate-colocate-uniform,48,0,random-fuzzy-match,2,3,6,64000,random-fuzzy-match,20,3,0,10000,289480542,63667376,65663482,142075750,121343752
wve,colocate-colocate-uniform,48,0,random-fuzzy-match,2,3,6,64000,random-fuzzy-match,20,3,0,64000,289480542,63667376,63667815,142075750,121343752
wve,colocate-colocate-uniform,48,0,random-fuzzy-match,2,3,6,64000,random-fuzzy-match,20,3,6,10000,289480542,63667376,70290256,142075750,121343752
wve,colocate-colocate-uniform,48,0,random-fuzzy-match,2,3,6,64000,random-fuzzy-match,20,3,6,64000,289480542,63667376,70290256,142075750,121343752
wve,colocate-colocate-uniform,48,0,random-fuzzy-match,2,3,6,64000,random-fuzzy-match,20,3,12,10000,289480542,63667376,75090784,142075750,121343752
wve,colocate-colocate-uniform,48,0,random-fuzzy-match,2,3,6,64000,random-fuzzy-match,20,3,12,64000,289480542,63667376,75090784,142075750,121343752
wve,colocate-colocate-uniform,48,0,random-fuzzy-match,2,3,6,64000,random-fuzzy-match,20,3,24,10000,289480542,63667376,77585451,142075750,121343752
wve,colocate-colocate-uniform,48,0,random-fuzzy-match,2,3,6,64000,random-fuzzy-match,20,3,24,64000,289480542,63667376,77585451,142075750,121343752
wve,colocate-colocate-uniform,48,0,random-fuzzy-match,2,3,6,64000,random-fuzzy-match,20,3,48,10000,289480542,63667376,77803955,142075750,121343752
wve,colocate-colocate-uniform,48,0,random-fuzzy-match,2,3,6,64000,random-fuzzy-match,20,3,48,64000,289480542,63667376,77803955,142075750,121343752
wve,colocate-colocate-uniform,48,0,random-fuzzy-match,2,3,6,64000,random-fuzzy-match,30,3,0,10000,289480542,63667376,63667815,142075750,121343752
wve,colocate-colocate-uniform,48,0,random-fuzzy-match,2,3,6,64000,random-fuzzy-match,30,3,0,64000,289480542,63667376,63667815,142075750,121343752
wve,colocate-colocate-uniform,48,0,random-fuzzy-match,2,3,6,64000,random-fuzzy-match,30,3,6,10000,289480542,63667376,65973241,142075750,121343752
wve,colocate-colocate-uniform,48,0,random-fuzzy-match,2,3,6,64000,random-fuzzy-match,30,3,6,64000,289480542,63667376,65973241,142075750,121343752
wve,colocate-colocate-uniform,48,0,random-fuzzy-match,2,3,6,64000,random-fuzzy-match,30,3,12,10000,289480542,63667376,66634674,142075750,121343752
wve,colocate-colocate-uniform,48,0,random-fuzzy-match,2,3,6,64000,random-fuzzy-match,30,3,12,64000,289480542,63667376,66634674,142075750,121343752
wve,colocate-colocate-uniform,48,0,random-fuzzy-match,2,3,6,64000,random-fuzzy-match,30,3,24,10000,289480542,63667376,66786836,142075750,121343752
wve,colocate-colocate-uniform,48,0,random-fuzzy-match,2,3,6,64000,random-fuzzy-match,30,3,24,64000,289480542,63667376,66786836,142075750,121343752
wve,colocate-colocate-uniform,48,0,random-fuzzy-match,2,3,6,64000,random-fuzzy-match,30,3,48,10000,289480542,63667376,66828586,142075750,121343752
wve,colocate-colocate-uniform,48,0,random-fuzzy-match,2,3,6,64000,random-fuzzy-match,30,3,48,64000,289480542,63667376,66828586,142075750,121343752
wve,colocate-uniform,uniform,0,random-fuzzy-match,2,3,6,64000,exact-match,10,3,0,10000,358199712,87187203,299415913,211922676,168383406
wve,colocate-uniform,uniform,0,random-fuzzy-match,2,3,6,64000,exact-match,10,3,0,64000,358199712,87187203,87216211,211922676,168383406
wve,colocate-uniform,uniform,0,random-fuzzy-match,2,3,6,64000,exact-match,20,3,0,10000,358199712,87187203,176922705,211922676,168383406
wve,colocate-uniform,uniform,0,random-fuzzy-match,2,3,6,64000,exact-match,20,3,0,64000,358199712,87187203,87216211,211922676,168383406
wve,colocate-uniform,uniform,0,random-fuzzy-match,2,3,6,64000,exact-match,30,3,0,10000,358199712,87187203,107849377,211922676,168383406
wve,colocate-uniform,uniform,0,random-fuzzy-match,2,3,6,64000,exact-match,30,3,0,64000,358199712,87187203,87216211,211922676,168383406
wve,colocate-uniform,uniform,0,random-fuzzy-match,2,3,6,64000,random-fuzzy-match,10,3,0,10000,358199712,87187203,355459605,211922676,168383406
wve,colocate-uniform,uniform,0,random-fuzzy-match,2,3,6,64000,random-fuzzy-match,10,3,0,64000,358199712,87187203,87216211,211922676,168383406
wve,colocate-uniform,uniform,0,random-fuzzy-match,2,3,6,64000,random-fuzzy-match,10,3,6,10000,358199712,87187203,193083371,211922676,168383406
wve,colocate-uniform,uniform,0,random-fuzzy-match,2,3,6,64000,random-fuzzy-match,10,3,6,64000,358199712,87187203,100569596,211922676,168383406
wve,colocate-uniform,uniform,0,random-fuzzy-match,2,3,6,64000,random-fuzzy-match,10,3,12,10000,358199712,87187203,186475677,211922676,168383406
wve,colocate-uniform,uniform,0,random-fuzzy-match,2,3,6,64000,random-fuzzy-match,10,3,12,64000,358199712,87187203,102582364,211922676,168383406
wve,colocate-uniform,uniform,0,random-fuzzy-match,2,3,6,64000,random-fuzzy-match,10,3,24,10000,358199712,87187203,184340596,211922676,168383406
wve,colocate-uniform,uniform,0,random-fuzzy-match,2,3,6,64000,random-fuzzy-match,10,3,24,64000,358199712,87187203,104249899,211922676,168383406
wve,colocate-uniform,uniform,0,random-fuzzy-match,2,3,6,64000,random-fuzzy-match,10,3,48,10000,358199712,87187203,183959652,211922676,168383406
wve,colocate-uniform,uniform,0,random-fuzzy-match,2,3,6,64000,random-fuzzy-match,10,3,48,64000,358199712,87187203,105407025,211922676,168383406
wve,colocate-uniform,uniform,0,random-fuzzy-match,2,3,6,64000,random-fuzzy-match,20,3,0,10000,358199712,87187203,225230340,211922676,168383406
wve,colocate-uniform,uniform,0,random-fuzzy-match,2,3,6,64000,random-fuzzy-match,20,3,0,64000,358199712,87187203,87216211,211922676,168383406
wve,colocate-uniform,uniform,0,random-fuzzy-match,2,3,6,64000,random-fuzzy-match,20,3,6,10000,358199712,87187203,103583026,211922676,168383406
wve,colocate-uniform,uniform,0,random-fuzzy-match,2,3,6,64000,random-fuzzy-match,20,3,6,64000,358199712,87187203,103190293,211922676,168383406
wve,colocate-uniform,uniform,0,random-fuzzy-match,2,3,6,64000,random-fuzzy-match,20,3,12,10000,358199712,87187203,109239547,211922676,168383406
wve,colocate-uniform,uniform,0,random-fuzzy-match,2,3,6,64000,random-fuzzy-match,20,3,12,64000,358199712,87187203,109239547,211922676,168383406
wve,colocate-uniform,uniform,0,random-fuzzy-match,2,3,6,64000,random-fuzzy-match,20,3,24,10000,358199712,87187203,112628772,211922676,168383406
wve,colocate-uniform,uniform,0,random-fuzzy-match,2,3,6,64000,random-fuzzy-match,20,3,24,64000,358199712,87187203,112628772,211922676,168383406
wve,colocate-uniform,uniform,0,random-fuzzy-match,2,3,6,64000,random-fuzzy-match,20,3,48,10000,358199712,87187203,114128152,211922676,168383406
wve,colocate-uniform,uniform,0,random-fuzzy-match,2,3,6,64000,random-fuzzy-match,20,3,48,64000,358199712,87187203,114128152,211922676,168383406
wve,colocate-uniform,uniform,0,random-fuzzy-match,2,3,6,64000,random-fuzzy-match,30,3,0,10000,358199712,87187203,138149196,211922676,168383406
wve,colocate-uniform,uniform,0,random-fuzzy-match,2,3,6,64000,random-fuzzy-match,30,3,0,64000,358199712,87187203,87216211,211922676,168383406
wve,colocate-uniform,uniform,0,random-fuzzy-match,2,3,6,64000,random-fuzzy-match,30,3,6,10000,358199712,87187203,102090098,211922676,168383406
wve,colocate-uniform,uniform,0,random-fuzzy-match,2,3,6,64000,random-fuzzy-match,30,3,6,64000,358199712,87187203,102090098,211922676,168383406
wve,colocate-uniform,uniform,0,random-fuzzy-match,2,3,6,64000,random-fuzzy-match,30,3,12,10000,358199712,87187203,107375401,211922676,168383406
wve,colocate-uniform,uniform,0,random-fuzzy-match,2,3,6,64000,random-fuzzy-match,30,3,12,64000,358199712,87187203,107375401,211922676,168383406
wve,colocate-uniform,uniform,0,random-fuzzy-match,2,3,6,64000,random-fuzzy-match,30,3,24,10000,358199712,87187203,111470770,211922676,168383406
wve,colocate-uniform,uniform,0,random-fuzzy-match,2,3,6,64000,random-fuzzy-match,30,3,24,64000,358199712,87187203,111470770,211922676,168383406
wve,colocate-uniform,uniform,0,random-fuzzy-match,2,3,6,64000,random-fuzzy-match,30,3,48,10000,358199712,87187203,112745074,211922676,168383406
wve,colocate-uniform,uniform,0,random-fuzzy-match,2,3,6,64000,random-fuzzy-match,30,3,48,64000,358199712,87187203,112745074,211922676,168383406
